strategy_00,strategy_01,strategy_02,strategy_03,strategy_04,strategy_05,strategy_06,strategy_07,strategy_08,strategy_09,strategy_10,strategy_11,strategy_12,strategy_13,strategy_14,strategy_15,strategy_16,strategy_17,strategy_18,strategy_19,strategy_20,strategy_21,strategy_22,strategy_23,strategy_24,strategy_25,strategy_26,strategy_27,strategy_28,strategy_29,strategy_30,strategy_31,strategy_32,strategy_33,strategy_34,strategy_35,strategy_36,strategy_37,strategy_38,strategy_39,strategy_40,strategy_41,strategy_42,strategy_43,strategy_44,strategy_45,strategy_46,strategy_47,strategy_48,strategy_49
0.021182,0.037488,0.047335,0.007408,0.041302,0.009889,0.058578,0.046406,0.025576,-0.020566,0.046192,0.000158,0.014345,0.099513,0.049863,0.083339,0.081529,0.047622,0.050823,-0.023932,-0.018959,-0.026334,-0.013262,-0.003766,0.063518,-0.043759,0.005896,0.039543,0.073822,0.047016,0.093745,0.031218,0.057289,0.006993,0.016638,0.061299,0.030745,-0.021616,0.033017,-0.027034,0.000838,-0.007371,-0.025181,0.019743,-0.087513,0.032879,-0.034628,0.090274,0.062510,0.044206
-0.022204,0.025490,-0.014555,0.012647,-0.022842,0.083374,-0.037755,0.024464,0.033414,0.005480,0.061927,-0.022590,-0.021264,0.055721,0.019941,-0.026152,0.122646,0.031848,0.035734,0.029835,0.002706,0.005614,0.064695,0.044571,0.048495,0.038436,0.038890,0.029700,0.066695,0.046517,-0.009131,-0.009550,0.068548,0.056368,0.010001,-0.001770,0.074050,0.030912,0.043709,0.032705,0.029534,0.116160,0.045488,0.002551,-0.004356,-0.028774,0.017820,0.024925,0.033871,-0.038295
-0.022895,-0.032833,-0.065548,-0.011029,0.015218,-0.016263,0.007698,-0.028125,-0.056300,0.022138,-0.008399,0.036724,0.038073,0.031240,0.019110,-0.023539,-0.068509,-0.017025,-0.049343,-0.051842,-0.041270,0.008384,0.017055,-0.035852,-0.022297,0.037159,-0.038319,0.054942,-0.003873,0.070112,-0.051642,-0.007652,0.028724,0.018871,-0.053026,0.003078,-0.040323,-0.013023,-0.043625,-0.030653,-0.053170,-0.041189,-0.028400,-0.098187,-0.034082,-0.090167,-0.031250,-0.088550,-0.017279,-0.010896
-0.035364,0.021817,-0.006144,0.124929,0.007087,0.033420,-0.053844,-0.028942,-0.049882,0.037516,-0.075188,0.047329,0.014317,-0.002148,-0.038929,0.011823,0.042014,0.073001,-0.019574,0.052607,-0.017049,0.008413,-0.026562,-0.033508,-0.028350,-0.014611,0.029264,-0.040618,0.015040,0.072840,-0.024588,0.008900,-0.034083,-0.039665,0.019970,-0.000278,0.043837,0.004120,-0.013653,-0.017505,0.030099,0.044723,0.019340,0.022776,0.003210,-0.001924,0.009395,0.105461,0.017543,-0.019302
-0.002475,-0.054003,0.080679,-0.012051,0.088202,0.088734,0.024084,0.033443,-0.058033,-0.037465,0.018164,-0.004891,0.021488,0.039521,-0.038866,0.023100,-0.052928,0.031427,0.040814,-0.005407,-0.006964,0.053845,0.029255,0.050167,-0.017276,0.014627,0.086787,-0.023886,-0.020863,0.012998,0.046645,-0.037413,-0.028685,0.028934,-0.019575,-0.038538,0.048232,0.077976,-0.037386,0.022491,0.046132,0.043042,0.017135,-0.014413,0.055357,-0.012810,0.036194,0.020259,0.042729,0.016369
0.017593,-0.023625,0.023826,0.007013,-0.001600,0.018281,-0.060502,-0.064194,-0.094548,-0.036083,0.009866,-0.033405,-0.060788,-0.075811,-0.000992,0.019546,0.014423,-0.030377,-0.022451,-0.072445,-0.090364,-0.039691,0.029675,-0.009139,-0.021952,-0.018433,-0.081311,0.039190,0.017627,0.053309,-0.059748,0.000638,0.061174,0.011229,0.001949,-0.048127,-0.093666,-0.106852,0.010021,0.004484,-0.032202,-0.063796,-0.011125,-0.005327,0.005092,-0.056663,-0.019835,-0.093111,0.004021,-0.028527
0.001574,-0.016136,-0.025900,-0.001285,0.025993,0.022233,0.014606,0.014648,-0.023870,-0.037144,-0.061487,0.094906,-0.011685,0.005306,0.037130,-0.017531,-0.061798,-0.011369,-0.084027,-0.016674,0.055150,0.003044,-0.031408,0.076916,0.033555,-0.023720,-0.018867,-0.027108,0.042697,0.003735,-0.030866,0.023066,0.024125,0.086684,0.030202,0.011881,0.022511,0.044579,-0.002182,-0.017008,0.065213,0.007321,-0.009957,0.022358,0.016526,-0.028641,0.006743,0.068776,0.014081,-0.017754
-0.024561,-0.017657,0.003059,-0.048746,0.042611,0.026094,0.009291,-0.027199,-0.078379,-0.022835,-0.009590,-0.033846,0.004823,-0.016912,-0.024581,0.023937,-0.014504,0.013150,0.019057,-0.008466,0.009437,-0.043007,0.072831,-0.065692,-0.069561,-0.068386,-0.013558,0.022134,-0.076135,-0.000379,0.006510,0.028677,0.051289,0.008287,-0.003713,0.044306,-0.044343,0.005469,-0.081715,-0.070956,-0.038518,0.015750,0.030169,0.047594,-0.019689,-0.065715,-0.043646,-0.052522,-0.018176,-0.040348
-0.016341,-0.104766,-0.022811,-0.039632,-0.041929,-0.035884,-0.048118,-0.083734,-0.111682,-0.046614,0.038290,-0.013012,-0.076529,-0.005587,-0.062605,-0.054313,-0.072230,-0.002848,0.041544,-0.035979,0.045861,-0.052052,0.000221,-0.089312,0.026329,0.011649,0.015339,0.021074,-0.089991,-0.035061,-0.057377,-0.022368,0.048692,0.024238,-0.029845,-0.001089,-0.059081,-0.019369,-0.075064,-0.044644,0.006372,-0.036941,-0.041675,-0.056041,-0.010914,-0.065545,-0.014142,-0.102971,-0.043414,-0.050206
0.005642,-0.015470,0.003404,0.006552,-0.079312,0.045594,-0.049986,-0.053759,-0.031520,-0.060257,-0.037112,-0.006919,-0.056836,-0.035659,-0.050240,-0.030129,0.036781,0.004102,-0.049789,-0.023735,-0.048435,-0.032112,-0.006158,0.021811,0.029175,0.005259,0.008870,0.009489,0.007609,-0.030907,-0.025806,0.064978,0.047976,-0.051349,0.011274,0.046487,-0.070252,-0.004566,-0.008169,0.041577,0.004972,0.026936,-0.079803,-0.091206,-0.054622,0.060958,0.032922,0.052477,-0.001551,0.005736
-0.000075,0.041358,0.064356,0.020657,0.032667,0.011086,0.086823,0.008590,0.035492,0.028470,0.078717,0.063587,-0.002422,0.052528,0.036602,-0.030633,0.101838,0.035240,-0.039895,0.109472,0.030583,0.033837,-0.012110,0.071821,-0.073503,-0.008836,-0.008656,0.058035,0.053180,0.093246,0.044732,0.091694,-0.007303,0.030506,0.050732,-0.040209,0.009667,0.032418,0.077735,-0.035073,0.011205,0.090134,0.046437,0.032859,0.055805,-0.009055,0.021627,0.018126,0.030678,0.059989
0.043696,-0.003702,-0.027338,-0.036034,-0.032071,-0.019497,0.043775,0.033960,-0.032825,-0.056709,-0.042174,0.008562,0.000402,0.025507,-0.015048,-0.038408,-0.064832,-0.034353,-0.063546,-0.012014,-0.038450,-0.059010,0.028309,-0.024543,0.019805,-0.005354,-0.012565,0.009225,0.017985,0.098689,0.009397,-0.018814,-0.002492,0.069766,0.005806,0.029087,0.023912,0.010645,-0.075678,-0.029628,0.017931,-0.026952,0.074533,0.009286,-0.008968,0.037220,0.026322,0.000936,0.000446,-0.017479
0.006412,0.032349,0.021691,0.033800,0.067267,0.001163,-0.003143,0.041825,0.056409,0.003078,0.128005,0.023695,0.017109,0.018681,0.035865,0.001114,0.071856,0.083125,-0.001353,0.020463,0.023862,0.049633,0.072180,0.091186,-0.033569,0.019386,0.073699,0.139700,0.001308,-0.023460,0.052313,0.047094,0.036883,0.090789,0.074896,0.066014,0.070899,0.043695,0.018254,0.070719,0.035223,0.076866,0.012064,0.089005,0.015511,0.002106,0.053028,0.090002,0.042799,0.061816
0.015022,-0.078130,-0.056757,-0.014836,0.003035,0.027089,0.042235,-0.042494,0.010029,-0.080847,-0.047843,0.070883,-0.050837,0.005230,-0.084358,0.004090,-0.048660,0.003544,0.025544,-0.016856,0.042346,-0.021027,-0.021911,-0.006962,0.063058,-0.012034,0.018698,-0.045877,0.035901,-0.026635,-0.018544,-0.023432,0.086423,0.050543,-0.002856,-0.006702,0.007896,-0.038966,-0.043918,-0.060257,-0.059559,-0.053830,-0.042442,0.038083,-0.031879,0.020849,-0.019008,-0.062206,-0.051242,0.009320
0.057206,-0.046218,0.066598,0.061494,0.069189,0.024892,0.022999,0.076126,-0.024152,-0.025484,-0.007007,0.016083,0.014584,-0.019487,0.040973,-0.035971,0.045212,0.063089,0.079228,0.048629,0.024466,0.031713,-0.040877,0.047228,-0.013205,0.115354,-0.008797,0.008804,-0.049907,0.036545,0.044032,-0.011260,-0.006686,0.034527,0.032761,-0.010053,0.063522,-0.003175,-0.049906,0.009524,-0.016742,0.007412,-0.020181,-0.006378,-0.028872,-0.007011,0.096018,-0.007524,0.077859,0.065431
0.062123,-0.001353,-0.056808,-0.042632,-0.037735,0.049760,0.047896,0.086589,0.042668,-0.053220,-0.020957,0.064707,-0.048849,0.025982,-0.003839,0.056214,-0.015253,0.016712,-0.012131,-0.035205,0.047726,0.014285,-0.034981,-0.017917,0.000311,0.031047,0.013387,0.051953,0.020170,0.029474,-0.039034,0.031538,0.019931,0.031378,0.074033,-0.050311,-0.017777,0.061201,0.065666,-0.070051,0.042648,-0.003224,0.062851,0.028364,-0.004237,0.057003,-0.016810,-0.006050,-0.016009,-0.004307
-0.022256,-0.031674,0.053419,0.067400,0.027990,0.016625,-0.002966,0.066335,0.056178,0.063848,0.083073,-0.036993,0.038555,-0.010198,0.053215,0.009624,0.064825,0.058057,0.028240,0.026635,0.035266,0.036467,-0.026463,0.011552,0.049144,0.046152,-0.047980,-0.005206,0.032944,0.035947,0.012433,0.120803,-0.013062,0.062953,0.068220,0.040849,0.056865,0.041172,0.051286,0.097936,0.025151,0.052161,0.061061,0.055317,0.064045,0.001706,-0.015506,-0.009079,-0.043588,0.060057
-0.042185,0.022405,-0.034089,0.013962,0.069268,0.064371,0.038444,0.053308,0.075209,-0.019291,0.002228,-0.029006,0.007837,0.015173,-0.020859,-0.004757,0.080575,0.118928,0.016278,0.026247,-0.003185,0.026303,-0.057206,0.008435,0.014551,-0.025575,-0.014546,0.040539,0.002340,-0.045402,0.021449,0.094094,0.025722,-0.011946,0.024192,-0.023795,0.056186,0.004644,0.081960,0.030572,0.104834,0.025866,0.068438,-0.008286,-0.025348,0.061794,-0.038350,-0.075220,0.069743,-0.000116
0.001795,0.016354,0.016599,-0.039318,0.050005,0.079687,-0.001159,-0.035622,-0.014248,-0.014927,-0.016081,0.044774,-0.094618,-0.025229,0.027473,-0.062097,0.070606,0.045626,-0.009721,0.016759,0.105545,-0.011643,-0.026560,0.056992,0.010643,0.018087,-0.007259,-0.023317,0.032194,0.028011,0.035784,-0.035085,-0.003330,-0.001076,-0.012955,-0.051413,-0.120741,0.021487,-0.067883,-0.008941,0.075773,-0.151781,0.006003,-0.054837,0.078165,-0.053491,0.078539,0.051325,-0.020814,0.001287
-0.005352,0.040430,-0.010358,-0.060545,-0.005458,-0.000928,-0.005309,0.060666,-0.008531,0.013988,0.033868,0.025850,0.011106,0.007937,-0.060909,-0.032873,0.004879,0.001543,0.021116,0.002737,0.042695,-0.023766,0.027571,0.056156,-0.002600,-0.039523,-0.002873,-0.029951,0.016372,0.021813,-0.035665,-0.020735,-0.006529,0.047442,-0.067616,-0.006620,-0.015579,0.035771,-0.034659,-0.010283,-0.036765,0.025637,0.007685,-0.053853,-0.009116,0.023040,-0.004530,-0.032064,0.028526,-0.016055
0.009436,0.056368,0.033690,0.092473,-0.058671,0.014114,-0.035003,0.072817,0.080938,0.029516,0.045337,0.037849,0.038757,-0.022000,0.005179,0.097340,0.021184,-0.040352,-0.042262,0.013625,0.054694,-0.021180,-0.004335,0.026738,-0.045164,-0.022673,-0.024969,0.112626,-0.033566,0.031896,0.047567,0.004469,-0.022257,0.030346,0.004847,-0.033670,-0.023826,0.020917,-0.018421,0.058428,0.022628,-0.010812,0.108142,0.012215,0.003155,-0.041479,0.063874,0.057060,0.015592,0.009368
-0.063580,-0.032027,-0.015873,0.040397,0.051690,-0.006362,-0.003746,0.034797,-0.038501,0.030428,0.010168,0.034262,0.013923,-0.004883,0.079072,-0.016180,0.010455,0.004487,-0.032172,-0.001473,0.007671,-0.055547,-0.013215,-0.042594,0.023988,-0.086318,-0.015182,0.051188,0.062262,-0.015860,0.009113,-0.010186,0.028886,-0.000656,0.015068,0.009281,0.036121,0.021480,0.003585,0.014926,-0.031260,0.041181,-0.006349,0.021806,-0.009450,0.053706,-0.073050,0.028309,0.018701,0.011556
-0.035674,-0.041793,0.002930,-0.036304,0.014703,0.000690,-0.020007,0.016208,-0.122437,-0.012018,-0.008361,-0.006173,-0.047509,0.021606,0.013216,-0.023995,-0.016502,0.046672,0.003095,0.035525,-0.039821,0.019941,-0.059785,0.016199,-0.051269,0.004880,0.020796,0.005754,0.033093,0.044517,-0.057266,-0.012112,-0.079332,0.069541,-0.002186,-0.020866,-0.018698,-0.072576,-0.000447,-0.048368,-0.035884,-0.074533,-0.050151,-0.038983,0.036163,-0.011314,-0.024678,0.008269,0.000780,0.003842
0.003864,0.058398,-0.016664,-0.017768,-0.066422,0.030593,0.029934,0.023132,-0.000626,0.007394,0.003715,0.015833,0.089541,0.049796,-0.024943,-0.008494,-0.021671,-0.007093,0.020830,-0.023727,-0.028305,0.052660,0.009825,-0.051830,0.033392,0.038430,-0.008733,-0.089433,0.016250,0.004150,0.012403,0.063460,-0.068555,0.030097,-0.002051,-0.038251,0.043219,0.049566,-0.015853,-0.013362,-0.024107,0.009914,0.002551,0.014702,0.079774,0.038447,0.041972,0.012208,-0.041097,-0.025900
0.025634,-0.005484,0.023569,-0.078127,0.044710,-0.036714,0.000421,-0.044282,0.012961,-0.048311,-0.040366,0.051945,0.043010,0.049636,-0.001413,-0.045304,-0.092497,0.004156,0.009672,0.034776,0.010162,0.003623,0.044565,0.063865,-0.002444,-0.021660,-0.031058,0.078786,-0.032606,-0.034499,-0.001750,-0.055247,0.002860,-0.016458,0.032939,-0.011675,-0.041262,-0.057500,-0.015878,0.021065,0.043780,-0.000169,0.038444,-0.005023,0.001564,-0.073489,0.055892,0.008715,-0.042777,-0.035273
-0.013952,0.039628,-0.018690,0.069049,0.024912,-0.046108,-0.044631,0.025652,0.001928,-0.005398,0.013279,-0.017667,0.011026,0.045318,0.007564,0.045696,-0.002088,0.124293,0.054040,0.007500,-0.013870,0.047951,0.030870,-0.011824,-0.058678,0.087190,0.049537,0.125865,0.046306,-0.004396,-0.009644,0.089495,-0.017150,0.013589,-0.005369,-0.043234,0.041881,-0.039108,-0.014584,0.030475,0.051666,0.040427,0.065110,0.046472,0.001036,-0.007637,-0.009561,0.045782,0.037057,0.034230
0.020418,0.054093,-0.013893,-0.002646,0.033138,0.121848,-0.005162,-0.001589,-0.031129,-0.048849,0.046352,0.030881,-0.002106,0.015599,-0.010140,0.031229,0.007481,0.047464,0.000581,0.023270,0.011403,0.044262,-0.031733,0.082665,-0.035209,0.000514,-0.002548,0.009232,0.040509,0.013475,0.063246,0.010112,-0.009503,0.054647,0.041912,0.001540,0.064482,-0.004470,0.005595,-0.022109,0.043130,0.039893,-0.078652,0.060971,-0.090023,0.025607,0.025569,-0.028565,0.033730,-0.044129
-0.013877,0.033853,-0.037302,0.066881,0.014168,0.049014,-0.049943,0.000860,-0.026688,-0.000866,0.010541,-0.055348,-0.003042,0.070469,-0.003424,-0.009894,0.046878,-0.038003,0.047233,-0.028455,-0.036115,0.008991,-0.028419,-0.033683,-0.019367,0.019714,-0.054142,0.065594,-0.067390,0.062527,0.004828,0.058490,0.041040,0.000028,0.013772,0.026340,0.051832,-0.022550,0.015383,-0.031281,-0.061336,-0.060473,0.013775,0.064791,0.001941,0.034356,0.021415,0.020554,-0.020452,-0.017724
0.013315,0.042837,0.028370,0.032902,-0.061580,0.038190,-0.111951,0.014007,0.082138,0.002992,0.001198,-0.037745,-0.038574,-0.069189,-0.070631,0.028294,-0.008109,-0.027789,0.027319,-0.059425,-0.065894,-0.016855,-0.095266,-0.046275,-0.023284,-0.019673,0.059121,-0.064539,0.047480,0.013790,-0.061030,0.048850,-0.027640,-0.051248,-0.004041,0.004685,-0.006444,-0.054222,-0.014677,-0.042204,-0.025326,-0.019468,-0.052023,-0.038093,-0.029602,-0.018528,0.057235,0.020867,0.031939,0.059958
0.011571,0.010374,0.020867,-0.014181,0.001285,-0.066849,-0.028692,0.083518,0.047655,0.061328,0.065172,-0.023729,0.034962,0.008891,0.046699,0.045488,0.056171,0.017187,0.027130,0.067331,-0.038156,0.009980,0.000687,0.008054,0.069518,0.113615,0.045340,0.026656,0.055414,0.024922,0.020125,0.063148,-0.007339,-0.023121,0.043915,0.009933,-0.012846,0.039257,0.017239,0.023068,-0.003674,-0.011931,0.013077,0.041273,0.031235,0.014271,0.054640,0.042291,0.049501,0.017642
-0.001029,0.045903,-0.044965,-0.007854,0.006971,-0.020774,0.012108,0.009035,-0.113217,0.017445,0.016603,-0.037388,-0.013817,0.018685,0.006354,-0.003359,-0.005173,0.005945,-0.055001,0.031021,0.034559,0.016111,-0.039647,-0.084641,-0.007663,0.028326,0.048338,0.013280,-0.044030,-0.097293,0.003394,0.010567,-0.036174,0.066222,-0.009322,0.030459,-0.009127,0.013464,0.010694,-0.015336,-0.005634,-0.042570,0.004016,0.045976,-0.044168,0.001787,-0.055778,-0.065172,0.011768,-0.027554
0.057076,0.007979,-0.000200,-0.049932,0.037933,-0.118971,-0.117658,-0.067022,-0.053045,-0.025423,-0.012552,-0.033862,0.003472,-0.041891,-0.070137,-0.054135,0.039669,-0.025329,-0.024938,-0.043317,0.007127,0.006655,0.034626,-0.049771,0.013485,0.069529,-0.027118,-0.074396,-0.066918,0.024974,-0.103195,-0.087935,-0.050996,-0.035268,-0.027664,0.053667,-0.021452,-0.038786,-0.053665,-0.000602,-0.029953,0.015925,-0.036571,-0.112725,0.007992,-0.014212,0.046726,0.013753,-0.073054,-0.052281
0.035753,0.013957,0.026577,-0.007756,-0.031916,-0.039701,-0.007663,-0.013351,-0.045914,0.051206,-0.028929,-0.022562,0.021342,-0.080464,0.014460,0.027936,0.010975,-0.037302,-0.090441,0.006149,0.002936,-0.128295,-0.073517,-0.006253,-0.037296,-0.016569,0.004688,-0.068701,-0.073112,-0.083657,-0.020041,0.038341,-0.025784,0.019129,-0.069245,-0.003415,0.026795,-0.032185,-0.035054,-0.084522,-0.009694,-0.051596,-0.024156,-0.063963,-0.009197,0.052792,0.008531,-0.052902,-0.000051,-0.021224
0.003278,0.020358,0.017967,-0.096239,0.034529,-0.026916,-0.001023,-0.056718,-0.006093,0.001302,0.000833,-0.023028,-0.004372,0.007317,0.022993,-0.074787,-0.013864,-0.013415,-0.016999,-0.022943,0.024867,0.025660,-0.058684,-0.010498,-0.017234,-0.016117,-0.001582,-0.024028,0.037086,0.031719,-0.047116,-0.001807,-0.034011,-0.068711,-0.060112,-0.051908,-0.010585,0.010209,-0.011048,-0.010452,0.052340,0.060153,0.062024,-0.043487,-0.072792,-0.060606,-0.015518,-0.048070,-0.055798,-0.011734
-0.034622,0.029807,-0.007087,0.043522,0.056167,-0.008339,0.009696,-0.059633,0.063632,-0.008354,-0.043393,-0.065106,0.044528,-0.027790,0.089149,0.047873,0.049130,-0.021935,0.005038,0.066237,-0.041958,-0.037516,0.060428,-0.018582,0.068222,0.018537,-0.014676,0.038346,0.083658,0.010551,-0.025152,0.084149,0.034885,0.013633,0.048638,-0.029928,0.087599,-0.019330,0.089136,0.007331,-0.010879,-0.007377,0.018810,-0.002122,-0.057462,-0.022386,0.018057,0.043708,-0.038287,0.034393
-0.016998,-0.006211,0.023865,-0.051698,0.035459,0.018739,0.018067,-0.017615,0.036708,0.034539,-0.010447,-0.026416,-0.040621,0.010199,-0.019092,-0.027865,-0.045433,-0.038366,-0.024725,-0.017134,-0.039149,0.030801,-0.076235,-0.075241,-0.034896,0.003997,-0.024794,-0.003460,-0.021734,0.059273,0.003983,-0.048866,-0.015096,-0.011445,-0.021881,0.008934,-0.011170,-0.001117,-0.057218,-0.019624,-0.049901,-0.011428,-0.012753,-0.013377,0.077932,0.010037,-0.020937,-0.053317,-0.032398,0.000030
0.009897,0.046733,0.014592,-0.079755,-0.030397,-0.036958,-0.048721,0.014149,-0.058451,0.008542,-0.115665,-0.026052,-0.027116,-0.015735,-0.019386,-0.113473,-0.073125,0.007631,-0.105037,-0.085844,0.016181,-0.040098,-0.020519,0.031409,0.035521,-0.076758,0.017102,-0.039643,-0.012957,0.074367,-0.022857,-0.081469,-0.086134,-0.060941,-0.042967,-0.020043,-0.043359,0.056768,-0.078061,-0.088561,-0.010479,-0.044891,0.010087,0.035143,-0.026045,0.020117,-0.037672,0.006573,-0.022476,0.001805
0.045806,0.018302,-0.038967,0.021085,-0.020554,0.000387,-0.001217,-0.061161,-0.009092,-0.020554,-0.030488,-0.022651,-0.002287,-0.009565,-0.058999,0.073456,-0.038453,0.006701,-0.065372,-0.058220,-0.067068,-0.042868,0.012367,-0.046018,0.006052,0.053131,0.054689,-0.115482,0.044975,-0.073457,0.056287,-0.039056,-0.012415,-0.038132,0.030578,0.008439,-0.046992,-0.005751,-0.061439,0.006466,-0.059558,-0.055171,0.042838,-0.074807,-0.039485,-0.015583,-0.033827,0.052323,-0.099381,0.009883
-0.055585,-0.019010,0.042736,0.002955,0.081866,0.017626,0.034659,-0.042985,0.050069,0.080844,-0.064976,-0.020321,-0.019733,0.009850,0.029348,-0.087180,-0.073377,0.044343,0.031681,-0.022198,-0.067018,-0.040091,-0.009496,-0.041921,0.024984,-0.038559,-0.002202,0.049022,-0.081940,-0.020335,0.002701,0.024163,-0.011702,-0.004024,-0.041971,0.016993,0.031201,-0.025821,-0.075487,0.025692,-0.019452,-0.013100,0.015256,0.025348,0.022058,0.011254,-0.018925,0.042553,0.035353,-0.043453
-0.007578,-0.064860,-0.045038,-0.031308,0.000540,-0.009494,0.032982,0.049242,0.024726,-0.001826,-0.044444,-0.005164,0.027348,-0.032523,0.002481,-0.001169,-0.010187,-0.047653,-0.102637,0.077184,-0.012524,0.003575,0.007160,0.011615,0.042938,0.059148,-0.063143,-0.021563,-0.061469,-0.039254,-0.027469,-0.019851,0.000988,-0.034515,0.002180,0.028713,-0.035365,0.077601,-0.047411,0.016214,0.049053,-0.096021,-0.015311,-0.003144,0.004759,0.048856,-0.006067,-0.002323,0.046059,-0.027058
-0.070260,-0.019530,-0.024520,-0.032134,0.020331,-0.063945,-0.041093,-0.078237,-0.062592,-0.035802,-0.071491,-0.027508,0.030107,-0.052036,-0.049939,0.003168,0.054683,-0.028664,-0.008656,-0.019794,-0.019401,-0.068257,0.002539,-0.020593,-0.026238,-0.055193,-0.034116,-0.059677,-0.067814,-0.030231,-0.045695,-0.030234,-0.040029,-0.023914,-0.015226,-0.009896,-0.085671,-0.029109,-0.037538,-0.030631,-0.002611,-0.015297,-0.017740,-0.063241,-0.067241,-0.033015,-0.024692,-0.054626,-0.035080,0.036523
0.043919,-0.000495,-0.026654,0.080585,0.007218,-0.109092,-0.067594,0.055211,-0.091659,-0.010048,-0.014611,-0.019191,0.044143,0.004092,0.140561,-0.009215,-0.021647,0.057729,-0.049960,0.046491,0.023424,-0.028578,-0.059964,0.009029,-0.012145,-0.055506,-0.023611,0.054042,0.028778,-0.011679,-0.033409,0.015600,-0.018788,0.049811,0.026037,0.068981,0.018148,0.021604,-0.025130,0.094891,0.020421,-0.036711,-0.046631,-0.067215,0.005495,-0.000322,-0.056427,-0.085527,0.083985,0.044036
0.046817,-0.000605,-0.000962,0.041884,0.048396,-0.024500,-0.000220,0.013245,0.077864,0.019074,0.055980,-0.019276,0.055817,-0.016112,0.048037,0.074512,-0.000534,-0.017135,0.051583,-0.025372,0.022816,-0.000110,0.056917,-0.050016,0.023567,0.004229,-0.058753,0.027888,0.034609,-0.027200,0.066415,-0.011105,0.002152,0.007386,-0.012088,-0.009802,0.025210,0.071274,0.003465,0.082377,0.006938,-0.029918,0.023692,-0.011617,0.008838,0.077292,0.021964,0.022895,-0.051423,-0.051261
-0.031532,0.001722,-0.038111,0.011993,-0.025713,-0.050729,-0.055701,-0.071371,-0.009599,-0.018919,0.008611,-0.024392,0.008862,0.013194,-0.021492,0.032995,-0.024417,-0.009603,-0.010623,-0.029392,0.004826,0.012661,-0.022222,-0.019098,-0.078009,0.032502,0.035707,0.018114,-0.085386,0.007567,-0.063591,-0.006707,0.035865,-0.010781,0.049641,-0.010324,-0.040327,-0.030969,0.044904,0.009804,0.009607,0.014695,-0.045617,0.002011,-0.070887,-0.072775,-0.023012,-0.081728,-0.003935,0.000512
0.098238,0.008721,-0.046510,-0.005713,0.050900,-0.000256,0.035810,0.121458,-0.065898,0.002521,0.021208,-0.000277,0.068656,-0.053706,0.069846,0.024675,-0.064168,0.047402,0.011675,0.039686,-0.044256,0.006660,-0.033060,0.003547,0.058659,0.005060,0.026229,0.035070,0.057863,0.026796,0.044506,0.020155,0.013189,0.021729,0.038706,0.002473,-0.006142,0.043362,0.015414,-0.050993,-0.024465,-0.050454,0.037916,-0.043866,0.036150,0.023780,0.054481,0.012895,0.041782,0.047149
-0.092454,-0.010359,0.010436,-0.019389,-0.012469,0.007644,0.095778,0.017749,-0.000133,-0.016215,0.048418,-0.027067,0.004601,0.050367,0.107013,0.031385,0.020926,0.040986,0.091556,0.103130,-0.044239,0.030487,0.090496,0.012030,-0.038466,0.063012,-0.017258,0.018759,-0.042408,0.066976,0.050671,0.020887,0.004375,-0.051383,0.022800,-0.035351,0.017002,-0.054654,0.033524,0.005759,-0.029878,-0.012535,0.007435,-0.000915,0.021274,0.026500,-0.018757,0.063423,0.044858,0.005887
0.015558,-0.028436,-0.052624,0.000096,0.013870,0.029303,-0.061486,-0.031470,-0.014164,-0.037662,-0.044704,-0.030061,0.056967,0.050883,0.010016,-0.020593,0.036585,-0.136531,-0.022893,-0.039018,-0.038455,-0.078491,-0.060201,-0.073036,0.032940,-0.037342,-0.046272,0.060248,-0.060424,0.017602,-0.043339,0.067901,-0.018967,-0.007461,-0.040834,0.002693,0.013267,0.034001,0.011615,-0.044114,-0.031313,0.014809,-0.042840,-0.028818,-0.038487,-0.104792,0.046126,-0.024041,-0.013319,-0.040559
-0.001322,-0.017956,0.141029,0.023677,-0.038327,-0.038208,-0.010406,0.024352,0.000218,-0.028150,0.015002,0.037030,0.000046,0.089956,0.057826,0.020917,-0.031045,-0.021947,0.076440,0.021715,-0.014581,0.071978,-0.016894,-0.004008,-0.021592,-0.039747,0.051450,-0.001850,0.007697,-0.007233,0.067319,-0.039213,-0.014975,0.060506,0.012080,0.013679,-0.013873,-0.011351,-0.013900,0.011142,0.019501,0.035283,0.046349,0.004363,-0.021255,-0.046581,-0.010066,0.009014,-0.070566,-0.019543
-0.048847,-0.032690,0.015067,-0.012897,-0.091383,0.050269,-0.068571,-0.073132,-0.000643,-0.146688,-0.071560,0.009167,0.009781,-0.058972,-0.061120,-0.033798,-0.062009,-0.079874,0.003660,-0.062440,-0.047687,-0.045724,0.026739,-0.092215,0.010209,-0.063016,-0.031372,-0.087010,-0.078308,-0.049338,-0.021520,0.028351,0.075729,-0.002920,-0.046663,-0.066809,-0.008598,-0.124443,0.039974,-0.066252,-0.006784,-0.007134,-0.032321,0.045075,0.005931,-0.116315,0.040496,-0.026364,0.000886,-0.025279
-0.075508,-0.097573,0.002416,-0.022380,0.022752,-0.043787,-0.093390,-0.066674,-0.120245,-0.014333,-0.022004,-0.039182,-0.067713,-0.059577,0.005493,-0.033028,-0.064457,-0.067384,0.013980,-0.053901,0.038364,-0.070315,0.044935,-0.062993,0.015353,0.011675,-0.041082,-0.061506,-0.092926,0.008306,-0.018184,0.006299,-0.045520,-0.020945,-0.053666,0.009667,-0.027191,-0.044683,-0.049960,-0.057034,-0.015341,0.019835,-0.057840,0.025278,0.016732,-0.045351,0.017376,-0.007607,0.016102,0.026221
0.011655,0.013112,-0.043846,0.059684,0.081646,0.012393,0.020387,0.023822,-0.022534,0.053430,0.003843,-0.099188,0.014096,0.070361,0.032600,-0.026750,0.058819,0.006109,-0.004639,0.073803,0.001486,0.032471,0.006026,-0.024460,0.073133,0.000936,0.016367,0.034814,0.047457,0.067176,0.072181,-0.004958,0.011000,-0.001046,0.094629,-0.034836,0.040631,-0.019108,0.008596,0.015167,-0.039979,-0.018496,0.012826,-0.004723,-0.032425,0.002964,0.054293,0.009896,0.087917,0.031625
-0.000545,0.007209,0.001272,-0.021006,-0.039533,0.039751,0.028142,-0.045530,-0.065980,-0.028757,-0.019828,0.040557,-0.061475,-0.004448,0.093466,0.001250,0.004179,0.018690,-0.024409,-0.015112,-0.012504,-0.090839,0.023029,0.024537,-0.002441,-0.058853,0.025197,-0.035918,0.048748,-0.107046,0.003749,-0.090242,-0.011578,0.001588,0.056868,-0.030892,-0.059210,0.033347,-0.031400,-0.006057,0.017270,0.014605,0.048109,0.085342,0.082221,0.001502,-0.005800,0.010659,-0.017222,-0.006404
-0.017411,-0.021287,0.020302,0.009608,-0.018227,-0.068722,0.011653,0.008803,0.049084,-0.035076,0.012261,-0.001597,-0.004417,-0.073058,-0.042480,0.011506,-0.041639,0.033612,0.008692,-0.027885,0.059337,0.000055,0.053679,-0.018445,-0.007845,-0.021380,0.008368,0.085363,-0.012277,0.047284,0.026653,0.067403,0.039761,0.018068,0.056225,-0.075817,-0.019195,0.014363,0.031623,0.016647,-0.000379,0.036063,-0.014904,0.017398,0.010799,0.000362,0.036126,-0.000904,-0.001250,0.015183
0.010312,0.024182,-0.054501,0.031540,0.025759,-0.067342,-0.009157,-0.024241,0.082406,-0.001033,0.041880,0.031969,0.061586,-0.027871,-0.082472,0.030594,-0.059854,-0.017536,-0.077127,-0.042157,0.033065,-0.022531,-0.041986,-0.025654,0.018790,-0.062461,-0.013495,0.033748,0.064088,0.009703,0.012973,-0.086000,0.071260,0.009153,-0.004148,0.013525,0.054577,-0.017462,0.018933,0.050700,0.014651,-0.017832,0.031670,0.020115,0.065014,0.012819,-0.002094,0.038341,0.024467,-0.010209
-0.018494,0.074836,-0.017527,-0.010773,-0.048305,0.050148,0.064261,0.007994,0.042990,0.014802,0.053883,-0.011249,0.010702,-0.007373,-0.065071,0.023787,0.052614,0.046035,0.001928,0.021251,0.021072,0.050925,-0.044762,-0.016641,0.044544,0.069835,-0.057775,0.019565,0.039086,0.118267,-0.053296,0.094290,0.048741,0.025907,0.017201,0.010987,-0.023302,-0.021453,0.011859,0.080062,-0.014386,0.094339,0.008235,0.062857,0.012278,0.000936,-0.084739,0.009873,0.020314,-0.074717
0.030165,0.122987,0.024965,-0.034295,-0.019139,0.037619,0.063995,-0.066181,0.016800,0.030131,0.010812,0.008670,0.057086,0.003068,0.030306,0.016121,-0.000244,0.012142,-0.012477,0.005801,0.018058,0.012725,0.032908,0.002997,0.011540,-0.027085,0.007814,0.068328,-0.013895,-0.024369,-0.000084,0.063754,-0.044301,0.053016,-0.009460,0.051750,-0.007370,0.020844,-0.037035,-0.045743,-0.000538,0.008104,-0.003261,-0.021773,0.051139,-0.006255,0.027510,-0.107989,0.087966,-0.005759
-0.031773,-0.013857,0.043466,0.003226,0.044999,-0.051363,0.009954,-0.003249,-0.000824,-0.041012,0.016974,0.023078,0.009019,0.061219,0.047472,-0.053657,-0.057653,0.041238,0.012937,0.090873,0.021697,-0.006409,0.019479,-0.018125,0.020519,-0.003645,0.054715,0.030159,-0.028961,-0.066272,0.049429,-0.068761,-0.029152,-0.045579,0.004042,0.003693,0.027547,0.026062,-0.023952,0.002767,-0.071957,0.002324,0.003788,-0.002542,-0.012775,0.023164,0.085326,-0.050477,0.004102,0.068784
0.042165,0.045866,-0.002492,0.001853,0.010478,-0.061977,0.072747,-0.006172,-0.012534,-0.004066,0.024037,-0.005668,-0.012645,0.018027,-0.059963,0.044123,-0.032020,0.036964,-0.012915,0.064829,0.058805,0.016307,0.073990,-0.033111,-0.031787,0.051353,-0.046392,-0.057511,-0.006126,-0.006707,0.024577,-0.052512,0.039685,0.046261,0.052647,-0.020873,-0.003893,0.009813,-0.018406,-0.028469,-0.026761,0.009524,-0.009413,-0.049638,0.003685,-0.007634,0.001961,0.066536,-0.009520,0.011205
-0.071013,-0.068099,-0.033943,-0.007929,-0.071469,-0.063409,-0.058201,-0.006370,-0.036247,-0.021078,0.057008,-0.044263,-0.002763,-0.002617,0.057286,-0.041427,-0.061294,0.000614,-0.057795,-0.016258,0.037220,-0.002448,-0.045149,-0.047153,0.047879,-0.030495,-0.011734,-0.094606,-0.039515,-0.035240,-0.047862,0.001018,-0.054773,0.002454,-0.028469,0.051840,0.037730,-0.087179,-0.095251,-0.107015,-0.017690,0.042044,-0.047245,-0.050186,-0.016354,0.001780,-0.054875,0.009926,-0.065383,-0.038719
0.024472,-0.031982,0.084920,-0.037750,0.025503,-0.021435,-0.006497,0.028618,-0.029753,0.009427,-0.061937,0.027192,-0.042948,-0.009408,-0.011746,0.002045,0.024046,0.043924,0.059748,-0.039145,-0.089980,0.034071,-0.092792,0.003694,0.041933,0.057327,-0.072392,0.068244,0.035947,-0.031588,-0.017644,0.007911,-0.026518,-0.026541,-0.019060,0.018976,-0.030282,0.017181,-0.073049,-0.023338,0.001135,-0.054196,0.031507,0.017552,-0.043716,0.039044,0.050529,0.076195,-0.041198,-0.011864
-0.066001,-0.008889,0.026785,-0.036966,-0.002581,0.030372,0.000127,0.029641,0.001866,-0.040306,-0.073760,-0.057987,0.049775,0.005179,0.060728,0.029206,0.014638,-0.020585,0.011568,0.028651,0.077523,-0.039600,0.055415,0.040269,-0.049516,-0.023989,-0.011845,0.098774,0.069513,-0.012671,0.033311,-0.037911,0.069665,0.013060,0.077340,0.029466,-0.020602,0.084732,0.098348,0.047096,0.049155,0.034291,0.054587,-0.016037,0.045627,-0.003282,0.035343,-0.001632,0.016198,0.047271
0.041669,0.016374,0.002539,0.049627,0.039983,-0.014451,-0.020801,-0.070292,-0.024492,0.010406,0.014493,-0.034053,0.028933,-0.017598,-0.013732,0.002734,-0.082623,-0.071433,-0.140553,0.005462,0.040151,-0.050925,-0.013024,0.029120,0.011114,0.004973,0.027830,-0.056046,0.001525,0.000628,-0.035315,-0.010270,0.025421,-0.007753,0.017463,-0.023766,-0.011473,-0.025902,0.017607,0.029599,0.022617,-0.031001,0.056198,0.050080,-0.029193,-0.024384,-0.006784,-0.098506,-0.035184,-0.080102
-0.016353,-0.061277,0.008373,0.076649,-0.053301,0.046454,0.009273,0.069174,-0.054564,0.055320,-0.015449,0.029313,0.019859,0.053518,-0.038945,-0.020816,0.035977,0.064631,0.089696,0.081126,-0.043046,-0.001459,0.067736,0.130945,-0.014920,0.013110,0.011237,-0.051770,0.055713,-0.031965,0.063065,0.073503,0.033400,0.025231,-0.024596,0.027601,0.024282,0.060821,0.014301,-0.006254,0.033546,0.004535,-0.002290,-0.028896,0.038466,0.034934,0.035613,0.053171,-0.014631,0.038155
0.000580,0.059627,0.016580,0.016818,-0.049636,0.000369,0.042486,-0.085878,0.024227,-0.066300,0.057661,0.053531,-0.011685,-0.012594,-0.074886,-0.008260,-0.102421,0.045108,-0.045629,-0.055408,-0.023146,-0.025729,0.040903,-0.035814,-0.038829,0.009280,-0.007667,-0.052567,-0.108171,-0.056773,-0.052394,-0.066352,0.062791,-0.059957,-0.058223,-0.017311,-0.054315,-0.054269,-0.056654,-0.026158,-0.038155,0.027221,-0.045628,0.000430,0.003354,-0.002378,-0.024155,-0.071557,-0.037384,0.031612
0.049375,0.038289,-0.045961,-0.116547,0.047227,0.021236,0.060385,-0.009412,-0.148580,-0.059707,-0.049233,-0.007403,-0.086223,-0.056759,-0.023119,-0.020787,-0.061680,-0.046296,-0.012664,-0.121670,0.051704,-0.053208,-0.061411,-0.022017,-0.048482,-0.055215,-0.032413,-0.014615,-0.067247,-0.091849,0.004384,-0.051526,-0.022841,-0.033187,-0.105382,-0.031213,-0.088454,-0.094890,-0.066348,-0.009758,-0.037541,-0.075320,-0.020602,-0.003546,-0.017131,-0.032634,0.013751,-0.046207,-0.008861,-0.068723
0.107978,-0.008928,0.005218,-0.006097,-0.038536,-0.075316,0.053720,0.019317,0.016739,-0.022558,0.015720,-0.058805,0.056386,0.054904,-0.091882,-0.045675,0.023640,-0.032562,-0.027140,0.075734,0.007396,-0.028867,-0.050964,-0.008258,-0.026960,0.033089,-0.050412,0.062534,-0.005064,-0.032986,0.026768,0.058797,0.086883,-0.014689,-0.028011,-0.016532,0.019981,0.004851,0.033882,-0.021741,-0.005432,0.006344,0.009923,-0.064900,0.003292,-0.011845,0.041367,0.002058,0.068428,0.035803
0.102973,-0.019225,0.011467,-0.002139,0.034830,0.003976,0.027118,0.078758,-0.036852,0.028327,-0.041727,-0.035402,-0.043626,-0.069849,0.049885,-0.060212,-0.017267,0.062456,0.035500,0.067261,0.056981,-0.001075,0.020995,-0.066116,0.036042,0.013835,-0.037703,0.014089,-0.004950,-0.027929,-0.069205,-0.010772,0.009303,-0.040440,0.005946,-0.043744,-0.061247,-0.015446,-0.032880,0.035424,-0.023231,-0.086459,-0.002528,0.057588,0.007792,-0.012061,-0.065310,0.008906,0.022606,-0.035276
-0.013363,-0.043841,0.008057,0.008338,0.056521,-0.058895,0.005957,0.050438,0.060625,0.007620,-0.038393,0.055951,0.020351,0.039360,-0.026001,-0.059836,0.038147,-0.031503,-0.040328,0.100379,0.015457,0.000409,-0.086956,0.043302,-0.034265,-0.047503,-0.121895,-0.076425,0.014639,-0.052006,0.006782,-0.022688,-0.029842,0.027151,0.053379,-0.000809,-0.011228,0.009525,0.002235,0.034621,0.022427,-0.004838,-0.000850,0.000035,0.032454,0.047458,0.045245,-0.009772,0.033065,0.006385
0.040800,0.085488,-0.092417,-0.039985,-0.051291,-0.038241,-0.064967,-0.014517,0.034881,-0.011368,-0.003908,-0.016523,-0.016679,-0.022702,-0.018612,0.091835,-0.029593,0.084171,0.025788,0.072301,0.046480,-0.021218,0.002863,-0.031283,-0.011723,-0.018347,0.015688,-0.078306,-0.004924,-0.093350,-0.097403,-0.004769,-0.038509,-0.040470,-0.038036,0.051439,-0.054236,0.065315,0.062935,-0.099614,0.050189,-0.054156,0.053897,-0.076431,0.028286,-0.042355,-0.019367,-0.020605,-0.006815,-0.053560
0.008464,0.032621,-0.012537,-0.005942,0.009174,0.019273,-0.046363,0.028532,0.059162,0.035801,0.012976,-0.012746,0.031197,-0.031447,0.034177,0.011093,-0.016453,0.067194,0.005691,0.033009,-0.010232,0.045719,0.039842,0.010010,0.032833,0.036775,0.023319,0.085043,-0.004650,0.009591,0.051673,0.012914,-0.000954,0.021498,0.032750,-0.069730,-0.040395,0.036132,-0.049126,0.027527,-0.073178,-0.031875,0.046925,-0.016291,0.027211,-0.011038,0.066194,0.003249,0.036956,0.016318
-0.033414,0.025656,0.012485,-0.022604,-0.023035,0.026574,0.000834,0.031381,-0.061652,-0.015185,0.071481,-0.014851,0.009214,0.068901,-0.019735,-0.004874,0.045042,0.054133,0.092031,0.012609,0.019062,-0.003738,-0.032567,0.053263,0.024002,-0.003260,0.047976,0.022714,0.067640,0.128222,-0.000944,-0.005334,-0.080357,0.089041,0.092262,-0.054082,0.048642,0.049160,-0.005727,0.012292,0.036886,0.005360,0.066204,0.063403,0.019168,-0.005139,-0.005655,0.053313,0.099150,0.006023
-0.078023,-0.044406,0.017250,0.024574,-0.002128,0.004530,-0.017067,0.000376,0.064594,-0.018619,-0.030648,0.019885,0.041277,-0.004482,-0.050429,-0.009030,-0.006712,0.057809,-0.011694,0.039898,0.011702,0.060226,0.017666,0.007139,0.027391,-0.032786,-0.018267,-0.032574,0.009740,0.005269,-0.028006,-0.014292,-0.052161,-0.108102,0.034747,-0.039222,-0.004392,0.005614,-0.090559,-0.068100,-0.064145,-0.002063,-0.063602,0.000898,-0.007745,0.035348,-0.003375,-0.013790,0.043051,0.014632
-0.005476,0.037723,-0.015922,-0.006104,-0.004806,0.060638,-0.018534,0.038056,-0.050989,-0.073477,-0.046856,0.050636,-0.013947,-0.022808,0.034133,-0.025548,0.028360,0.004045,-0.060914,0.019559,-0.053931,-0.066295,-0.001991,-0.066231,-0.045351,-0.079930,-0.043984,0.000176,0.018552,-0.043262,-0.033521,-0.045724,-0.088433,0.004544,-0.038752,-0.027106,0.057342,0.057171,0.012273,-0.003206,-0.009041,-0.050704,0.006854,0.010784,-0.009504,-0.001551,0.070401,0.033600,-0.032295,-0.020192
-0.034721,0.028429,-0.012029,0.004406,0.069960,0.015235,0.012293,0.048484,-0.032476,0.015887,0.040889,0.000957,0.015097,0.031224,-0.030944,0.017564,0.059780,0.028661,0.023988,-0.021649,-0.013349,0.004288,0.000843,0.035390,0.021414,0.083174,-0.048650,0.049358,0.081375,0.060493,0.013184,-0.001897,-0.024305,0.003829,0.055227,0.051759,0.032963,-0.066176,0.038293,-0.075381,-0.045963,-0.027231,0.111358,0.027998,-0.009737,-0.026857,-0.052362,0.079623,0.040388,0.030771
-0.010971,0.045353,0.008432,-0.044348,0.012873,0.014712,0.041408,-0.016963,0.027724,0.015744,0.016283,-0.019827,0.031345,0.008666,0.030120,0.038543,0.001785,0.018750,0.033319,0.028460,0.044582,-0.003204,0.012997,-0.003416,0.052508,0.024715,0.030257,0.054973,0.004700,0.041503,0.087609,0.096552,-0.075018,0.014264,-0.031429,-0.001084,-0.003960,-0.039683,-0.051902,0.066901,0.030417,0.054204,0.052623,0.004831,0.017766,-0.018934,0.016383,0.010454,-0.030198,-0.004452
-0.024436,-0.050342,0.043393,-0.036842,0.022847,0.049775,0.045311,0.010461,0.064666,0.004157,0.002356,0.031759,-0.035256,0.038304,0.024903,0.025089,0.014727,-0.014091,-0.005334,-0.014238,0.015178,-0.063954,0.062359,0.001765,0.040021,-0.009380,-0.058404,-0.100258,0.016258,-0.031286,-0.028145,0.004621,-0.006862,-0.033494,-0.026833,-0.019371,0.074100,0.080579,0.052570,-0.040048,-0.020075,-0.040322,0.050875,-0.009170,0.022415,-0.047661,0.000248,0.010376,-0.041964,-0.038110
-0.046121,-0.037291,0.002828,0.059893,-0.030623,-0.000056,0.086882,0.059085,0.037362,0.081878,-0.008040,-0.054000,0.047423,0.072809,-0.065094,0.023680,0.101139,0.049796,0.044519,0.018444,0.019968,-0.005608,-0.027401,0.075758,-0.037648,0.007183,0.001195,0.091374,0.019696,0.019329,0.083404,0.041097,0.056917,-0.000582,0.106942,0.019248,-0.034313,-0.115118,-0.007170,0.117486,-0.043749,0.027421,0.006268,0.072375,-0.001443,0.050223,0.024437,-0.054069,-0.002596,0.029051
-0.026658,-0.007536,-0.054659,0.048141,0.022510,-0.058035,-0.038537,-0.088861,-0.007373,-0.056927,-0.066391,-0.011858,-0.011281,0.027243,0.014738,0.051161,-0.030803,-0.001592,-0.011199,-0.017312,-0.030433,-0.026370,0.021259,-0.032560,0.017298,0.022432,-0.045396,-0.110484,0.008638,-0.016496,-0.040171,0.007350,0.024197,-0.038830,-0.031358,-0.011693,-0.003184,-0.088146,-0.081134,-0.061818,-0.057928,-0.054095,-0.032087,0.002159,-0.009158,-0.013491,-0.012261,-0.070280,-0.059701,-0.030485
0.032783,0.007095,0.036811,0.053880,-0.005608,-0.042986,-0.025867,0.003858,-0.002386,0.056114,-0.030457,-0.004637,-0.065780,-0.013212,-0.086960,-0.019145,-0.028380,0.079885,-0.001592,0.035837,0.049550,-0.032896,0.016644,-0.044857,0.017118,-0.014679,0.054981,0.037944,0.028720,-0.025666,-0.073199,0.010224,-0.026276,-0.019694,0.035664,0.002554,0.028943,0.014942,-0.004353,0.011402,0.016322,0.027965,-0.026764,0.045131,-0.001084,-0.025411,0.019931,-0.008828,0.022307,0.008433
0.059067,0.028322,-0.016837,0.062249,0.015243,0.011987,0.021296,-0.003651,0.001752,-0.029035,0.069260,-0.030650,0.043967,-0.017568,0.030829,0.109689,-0.038571,-0.016339,-0.071012,0.044369,-0.008669,0.044597,0.099713,-0.008365,-0.001418,0.013319,0.049267,0.032462,0.072098,0.063670,0.063252,0.014851,0.056122,0.032244,0.033756,-0.014343,0.027682,0.021896,0.050589,-0.001923,0.043727,0.010849,0.029970,0.022183,0.019356,0.091406,-0.046158,0.052563,0.022517,0.063185
-0.000820,-0.016749,0.043153,-0.021712,-0.021546,-0.038023,0.044154,-0.022712,-0.037565,-0.003670,-0.059831,-0.042696,0.020666,0.004233,-0.025430,0.011780,-0.020620,0.003310,0.003676,0.025693,0.017674,0.001300,-0.059771,0.037231,-0.113860,0.004430,-0.053764,-0.026435,-0.014134,0.037300,0.006040,-0.002543,-0.075001,-0.032092,-0.026303,-0.024102,0.023838,-0.003805,0.027252,-0.004929,0.043489,0.021900,-0.037274,0.002069,0.014255,0.001508,-0.036262,0.090527,0.011692,0.015228
-0.029283,0.038416,-0.037178,-0.017536,0.057914,0.115108,-0.016662,0.018741,-0.062099,-0.003394,-0.030375,-0.046822,0.058513,0.020311,-0.028987,0.109660,-0.036666,0.001604,-0.051520,-0.061209,-0.047940,-0.002568,0.010370,-0.004205,-0.037864,0.100651,-0.016751,-0.024381,0.002315,-0.000407,0.029609,0.058907,0.060249,-0.000103,-0.052574,-0.022131,-0.077156,-0.050633,0.015698,-0.070438,-0.020158,-0.053238,0.018797,-0.048550,-0.047312,-0.003355,-0.026797,-0.001224,0.007605,-0.048474
-0.097249,0.055706,0.001393,-0.071991,0.071310,-0.005343,0.041178,0.018526,-0.032664,0.020331,-0.045030,0.009492,-0.028018,-0.099006,-0.044890,-0.026105,-0.051202,-0.010398,-0.028846,-0.036260,-0.006773,-0.090740,-0.058819,-0.026504,-0.056725,-0.027673,-0.040645,0.002565,-0.015066,-0.020630,-0.037124,0.064906,-0.020506,0.055560,0.066778,0.039034,0.031472,-0.017581,0.025322,-0.070540,-0.072210,-0.022312,0.010526,0.031423,-0.002845,-0.014351,0.036741,-0.042047,0.046866,-0.003739
0.004403,0.038935,0.013668,0.064711,0.051752,-0.029175,-0.060410,0.018937,0.044488,0.054620,0.017823,0.038544,0.032279,-0.058330,0.046171,-0.013150,0.030627,-0.015281,0.026748,-0.018788,-0.031619,0.053118,0.035151,0.032039,0.076349,0.069643,0.031290,0.021593,0.065939,-0.062027,0.032484,0.012406,0.030850,-0.075886,0.017782,0.014743,0.011290,0.003765,0.007144,-0.009135,-0.002804,0.063034,0.006468,-0.028500,-0.045066,0.031178,0.040907,0.019524,0.027053,0.042017
-0.043629,0.091383,-0.018193,0.000203,0.000299,-0.038775,-0.009431,-0.022026,-0.026899,-0.017216,-0.010444,0.012335,0.082642,0.059702,0.015595,0.043120,-0.031749,-0.008501,-0.008831,0.015456,-0.001310,-0.019129,0.013984,0.030728,-0.049419,0.014758,0.033593,0.045077,-0.013555,-0.000013,0.034269,-0.021230,-0.038045,-0.058731,0.031051,0.038100,-0.050165,-0.035154,-0.005757,-0.032327,0.103739,-0.090521,-0.045823,-0.101110,-0.053274,-0.002724,0.054242,0.059078,-0.055639,0.013786
0.022666,-0.013758,0.060908,-0.043007,-0.012282,0.020288,-0.021908,0.037764,-0.002690,0.005504,0.044730,0.084771,-0.018270,0.014258,-0.032201,0.054439,-0.027637,0.035895,-0.004507,0.060272,-0.027636,0.060296,-0.006071,0.021545,-0.009403,-0.036871,0.019888,-0.066319,-0.083387,0.009330,0.051583,0.051145,-0.025084,-0.035172,-0.058818,-0.007557,0.019216,0.037307,-0.013064,0.035771,0.028009,0.014959,0.069506,0.038764,-0.015587,-0.035061,-0.015250,0.018286,0.053301,0.033691
-0.018527,-0.037543,-0.038978,-0.004392,0.035098,-0.051213,-0.015100,0.013254,0.056269,0.011014,-0.060123,0.007348,0.008986,0.075083,-0.044389,-0.031323,0.037171,-0.013830,0.038312,0.068539,0.032005,-0.002058,0.017889,-0.051617,-0.029130,0.004743,0.051524,-0.040046,0.061456,0.001759,-0.013480,0.003417,-0.024593,0.058145,-0.003979,-0.015433,-0.008866,0.022018,-0.002283,0.028831,-0.037219,0.039810,-0.048427,0.079585,-0.037986,0.064235,0.040398,-0.007575,0.011881,-0.039662
0.027117,0.037059,0.017938,-0.031450,0.049469,-0.054452,-0.035088,-0.019550,-0.051690,0.025826,-0.030488,0.012977,0.015087,0.014273,-0.060661,-0.001547,0.021035,0.042506,-0.068627,0.006183,-0.037051,-0.031160,-0.024383,0.014925,-0.006011,-0.036037,-0.083055,-0.005106,-0.033370,-0.037394,0.045188,-0.031257,0.004733,-0.045755,0.002864,-0.054576,-0.034049,-0.060784,0.028062,-0.046378,-0.020557,0.024026,-0.019780,-0.042956,0.019771,0.019112,-0.011050,-0.006960,-0.021037,-0.013413
0.049058,-0.058119,-0.050682,-0.030690,0.056416,0.007034,-0.032691,0.001508,-0.043321,0.010509,-0.031847,-0.030529,-0.036274,-0.072822,-0.000626,-0.046615,-0.091666,-0.073993,0.002909,-0.026838,0.003864,-0.070222,-0.021325,-0.002761,-0.033330,0.022159,0.043819,-0.004054,-0.039922,0.020626,-0.031841,-0.074644,-0.031483,-0.020551,0.012848,-0.042954,0.039872,-0.005731,-0.026892,-0.044119,-0.079290,-0.034767,-0.019436,-0.010954,-0.007602,-0.000403,-0.061340,-0.032782,-0.088930,-0.048836
-0.010135,0.052727,-0.015556,-0.066163,-0.026477,0.027271,-0.004636,0.033206,-0.027902,0.038630,0.052552,0.086592,0.030407,0.020075,-0.055453,0.054231,0.028493,0.061391,-0.013463,0.029474,-0.031011,0.036820,-0.053655,0.003148,0.018041,-0.003200,-0.006792,-0.104109,0.008690,0.098877,-0.014461,0.010772,-0.000595,0.043576,0.077907,-0.023165,-0.017428,0.037769,-0.041232,0.035199,0.010656,0.007798,-0.009481,-0.017505,0.016601,0.054038,0.065781,0.044872,-0.006943,0.057490
-0.006424,-0.000956,0.040864,0.044207,-0.051500,0.045926,0.003993,0.072323,-0.028957,-0.028923,-0.008454,-0.074756,-0.015202,-0.003285,-0.004089,-0.026090,0.059155,0.012690,0.044106,-0.090778,-0.063997,-0.000763,0.053487,-0.032138,-0.022833,0.046628,-0.036984,-0.029164,-0.023440,-0.031218,-0.024956,0.005265,-0.003355,-0.002729,-0.065772,-0.008156,0.008104,0.014573,-0.012121,0.001354,-0.072877,0.030567,0.036953,-0.010534,0.005136,-0.053863,0.046817,-0.004768,0.042450,-0.020480
0.043101,0.073785,-0.014863,-0.031759,0.016329,0.024862,0.028740,0.004820,0.117566,0.040505,-0.075207,-0.000457,-0.007373,0.048437,-0.021669,-0.004768,0.045758,0.047908,0.077681,0.109622,0.078585,0.065348,0.063300,-0.069149,0.039676,0.011042,-0.052366,0.066444,0.030909,-0.010030,0.012224,-0.009323,0.055290,0.043809,0.113086,0.011754,0.001657,0.031149,0.082134,-0.010881,0.037212,0.044749,0.033065,0.055298,0.013429,0.039873,0.036648,0.003387,0.070566,-0.003401
0.020377,0.002217,0.023516,0.039309,0.041782,0.025761,-0.005221,0.069909,0.015809,-0.046127,0.011562,0.042199,0.071124,0.034646,0.059394,-0.030569,0.007706,0.019380,0.083418,0.093506,0.031518,0.043743,-0.035827,0.019611,-0.048284,0.023475,0.016525,0.042132,-0.012351,0.011049,0.070782,0.083907,-0.003354,0.051144,0.042509,0.038293,0.058964,0.054855,0.011221,0.039096,0.051011,0.009610,0.040628,0.035988,0.050100,-0.017175,0.070636,-0.018926,0.010008,0.011293
-0.014295,-0.017664,0.049120,0.066903,0.061930,0.002503,-0.039322,0.002313,0.057790,-0.014333,0.035632,0.040040,-0.000375,0.105206,0.075376,0.035663,0.041876,0.061956,0.063776,-0.013309,0.063568,0.058980,0.091055,0.029019,-0.006705,0.034767,0.002010,-0.043705,0.023894,0.010245,0.112814,-0.019700,-0.027188,-0.046311,-0.031751,0.003773,-0.027234,0.066148,0.076100,0.041405,-0.017638,-0.030845,0.074936,-0.011398,-0.032596,0.017723,-0.009039,-0.003712,0.028264,-0.056423
-0.001973,-0.017389,0.049461,0.026177,-0.013392,-0.005713,0.050859,0.067259,0.009297,0.041447,0.091064,0.042034,-0.017373,0.015193,0.102398,0.123996,0.013685,0.037059,-0.044672,0.053609,0.014475,0.001247,0.100546,0.048939,0.144360,-0.005305,0.056375,0.074490,0.073432,0.005161,0.045893,0.038012,-0.010838,0.012910,0.055631,-0.002223,-0.022837,-0.041998,0.057449,0.049852,-0.002315,0.035546,0.070412,0.007514,0.076517,0.045886,0.021419,0.070325,0.101116,0.004198
-0.010910,0.085864,-0.018102,0.024462,-0.022233,0.025047,0.098539,0.008865,-0.034461,0.073657,0.004162,0.076291,0.079554,-0.088585,0.044983,0.027859,0.026906,0.071506,0.030498,-0.043496,0.094294,-0.013919,0.007455,0.040319,0.015205,0.024451,-0.069000,0.015170,0.044159,0.040595,0.022395,0.010944,0.038523,-0.001509,-0.017741,-0.015025,0.062318,0.060960,0.029369,0.000586,-0.024270,0.023661,0.015555,-0.005486,0.075805,0.005658,-0.036393,0.022232,0.092302,-0.046262
-0.069908,0.057873,-0.017352,0.045858,0.026247,0.041560,-0.044425,-0.032866,-0.058757,0.014015,-0.008537,-0.006181,-0.026009,-0.012652,-0.012136,-0.047844,-0.020339,0.034658,0.013246,-0.053046,0.033754,0.053790,-0.059632,0.015338,0.000664,0.009947,0.016580,0.041699,0.022709,-0.025509,-0.053563,-0.036946,-0.077679,0.044122,0.004173,-0.068052,0.016451,-0.100495,-0.008607,-0.075978,0.040103,0.005401,-0.014312,-0.027973,0.011622,-0.031333,-0.001814,0.040093,0.047123,0.023103
-0.037947,0.032508,-0.006225,-0.070823,-0.071789,-0.052839,-0.089179,-0.046379,-0.022926,-0.007396,-0.064228,-0.084664,-0.025664,-0.042035,-0.069638,-0.007789,-0.100248,-0.004419,-0.081052,-0.081372,0.002244,0.025513,-0.016784,-0.034903,-0.052500,0.010591,-0.057462,-0.049104,-0.087335,-0.027098,-0.067790,-0.170737,0.040322,-0.026684,-0.072842,-0.020923,0.037901,0.009773,0.010901,0.015498,0.027192,-0.082001,-0.083473,-0.008108,-0.030973,-0.103290,-0.074811,-0.099391,-0.048147,-0.078501
0.023355,-0.008504,-0.034812,0.002079,0.104241,0.018261,0.024040,0.003072,0.019402,0.015160,-0.031407,0.002083,-0.012326,0.045932,-0.029658,-0.064771,-0.008421,-0.055098,0.023739,0.025517,-0.018723,0.005038,0.001620,-0.022384,0.025175,-0.030837,0.002533,-0.004888,-0.049785,0.011436,0.000275,-0.026258,0.003801,-0.048341,0.042208,-0.019078,-0.080645,0.021495,-0.047552,-0.021306,0.012629,0.005681,-0.000099,0.012710,-0.026465,-0.027410,-0.011223,0.038623,0.031485,-0.080060
0.071650,-0.001532,0.080898,-0.070426,0.011091,0.015311,0.030656,0.037873,-0.023775,0.004655,-0.058049,-0.003856,0.009721,0.003912,0.016845,-0.011627,0.023175,-0.016982,-0.030457,0.013389,-0.045521,0.013985,0.006361,0.079814,0.000480,-0.024124,-0.005099,0.078304,0.064321,0.005320,0.003044,0.031936,0.052181,-0.022522,0.017850,-0.041606,-0.009159,0.050913,-0.001310,0.011139,-0.012842,-0.063072,0.011707,0.013881,0.000916,0.064496,0.083954,0.054887,0.081366,0.067382
-0.024851,0.046300,-0.024436,-0.029690,-0.029594,0.005735,-0.056018,0.001448,0.018086,-0.026707,0.009144,-0.060885,-0.008665,0.041593,-0.005437,0.020940,-0.005585,0.046578,-0.052942,0.008364,-0.062497,-0.032857,0.035856,0.005513,-0.085032,-0.033057,-0.040141,-0.041688,-0.054953,-0.067441,-0.050993,0.009462,0.028362,-0.019164,0.046217,-0.005682,-0.000428,-0.018344,-0.032305,0.020848,0.003475,0.023554,-0.007322,0.021591,-0.076855,-0.054454,0.023788,0.060686,0.012482,0.005008
-0.028850,-0.024054,-0.054709,0.059535,-0.045244,-0.024756,0.068725,0.023541,0.021433,0.025584,0.088184,-0.037319,-0.044542,-0.021196,0.005582,0.001389,0.029903,0.039063,0.038505,0.020816,-0.049562,-0.001696,0.029945,0.020937,-0.015634,0.053308,0.027308,0.029445,0.002131,0.011071,-0.007495,-0.013791,0.035709,0.034777,0.025696,0.012596,-0.066474,0.036512,0.016238,0.070466,0.024093,-0.015826,-0.008466,0.064425,0.068397,0.004373,-0.022737,0.060418,0.039495,-0.030486
-0.000101,0.023712,0.049344,-0.033988,-0.023206,-0.021046,-0.043362,0.031862,-0.077146,-0.026488,-0.020011,-0.003091,-0.089469,-0.082141,0.050163,-0.013845,-0.011273,0.073451,-0.010940,-0.005768,-0.005101,-0.025524,-0.048412,-0.112874,-0.100312,0.029841,-0.021950,0.012995,0.037844,-0.102548,-0.118597,-0.080165,-0.028058,-0.029468,0.014101,-0.045804,-0.021634,0.055746,0.085247,-0.037089,0.014260,-0.043570,-0.031095,-0.010609,0.011885,-0.095100,0.005661,-0.022533,-0.049449,0.011204
0.035191,0.016679,-0.056456,-0.037112,-0.089708,-0.015230,-0.036571,-0.034904,-0.048527,0.073788,-0.020908,0.038396,0.018914,-0.001752,-0.055361,-0.058353,-0.096080,0.011589,-0.008185,-0.086721,-0.014708,-0.094213,0.004553,-0.067117,-0.067730,0.052379,0.009855,-0.043676,-0.032730,-0.051512,-0.001617,-0.022041,0.050815,-0.046257,0.002974,0.054162,0.047146,0.004407,0.007143,-0.022823,0.002928,0.026870,0.025341,-0.076068,0.054018,-0.023681,-0.089505,-0.081842,0.001218,-0.023820
0.038275,0.026034,0.009525,-0.007265,-0.063601,0.078438,0.062374,0.083006,-0.030482,-0.057958,0.006574,0.001606,0.016358,0.086241,-0.031823,0.024930,0.026117,0.006564,0.081835,-0.030660,-0.005313,0.023178,0.012402,0.010421,0.031367,-0.048484,-0.020203,-0.003844,-0.037671,0.028910,0.015451,0.065627,-0.062279,0.039582,0.045151,-0.035623,-0.028338,0.006249,0.057876,0.030330,-0.030045,-0.087403,0.003519,0.094301,-0.074678,0.022520,0.039495,0.037189,0.052653,-0.076238
0.017759,-0.062335,0.014508,-0.002820,0.076771,-0.021391,0.045140,-0.053478,0.005574,-0.041743,-0.031764,-0.019476,0.018178,-0.055546,-0.018882,-0.047564,-0.074302,-0.004934,-0.034573,-0.045725,0.020009,-0.058443,0.013073,-0.014217,-0.069912,0.013920,0.033545,0.000480,0.018333,-0.053824,0.039238,-0.021107,-0.011700,-0.004077,-0.006462,0.013328,0.036262,-0.101190,0.067846,0.011941,-0.024991,0.021195,-0.012166,0.050854,0.070477,-0.125056,-0.009619,-0.079004,-0.003239,0.020826
0.026267,-0.011438,0.044045,0.035543,0.004895,-0.056878,-0.037414,0.056383,-0.032379,0.051922,0.065318,-0.049184,-0.050155,0.054977,0.073842,0.065896,0.054007,-0.025406,0.055931,0.020170,-0.002266,0.061691,0.044024,-0.059702,0.021547,-0.032763,0.017533,0.042849,0.019258,0.008291,-0.042704,0.015419,0.071230,0.006310,0.062043,-0.084088,-0.001492,0.012298,0.000918,0.026814,-0.052090,-0.031985,-0.068564,0.046225,0.001484,-0.028402,0.048943,-0.001475,-0.065088,-0.046964
0.088461,0.007461,0.052737,-0.035827,0.053998,0.077115,0.068897,0.057819,0.030544,0.025262,0.032479,0.048845,0.037960,0.006514,0.060400,-0.042760,-0.020940,0.075974,0.098357,0.060950,0.015832,0.032434,0.080766,0.025713,0.016645,-0.034575,0.097059,0.060844,-0.049768,-0.012827,0.056086,0.017800,0.082774,-0.054184,0.041854,0.048345,-0.002601,0.049436,-0.015229,-0.004289,0.056638,0.084417,0.020255,-0.045036,-0.004533,0.002439,0.044548,-0.013992,0.063027,0.045692
-0.021737,0.028118,0.079829,-0.020738,-0.003120,0.045245,0.049980,0.024351,-0.031747,0.034447,0.034376,-0.023955,-0.013720,-0.035799,0.025931,-0.055793,0.017034,0.025878,-0.084380,0.013358,-0.005959,0.035740,0.028500,0.039760,-0.044342,0.013129,0.005991,0.039146,0.002007,-0.071485,-0.104050,0.061297,0.017876,0.004370,0.038011,0.012355,-0.035548,0.023082,0.023539,-0.028035,-0.015968,-0.000889,0.028602,0.050878,0.030529,-0.008313,0.022159,0.047532,-0.008114,0.002167
0.039193,0.044581,0.038980,0.003616,0.063971,0.064340,-0.043930,-0.022718,0.003266,-0.051296,0.066436,-0.021328,0.030072,-0.018396,-0.001570,-0.026850,0.014123,-0.002570,-0.022576,-0.042883,0.002198,-0.002095,0.062898,0.012549,0.056958,-0.063762,-0.028525,-0.053353,0.007728,0.008742,-0.058027,0.023173,0.047061,-0.004047,0.037970,-0.033805,0.040068,0.063385,0.063475,0.011683,-0.025373,0.051690,-0.014972,0.029966,0.025910,0.002952,0.019386,-0.002476,-0.043238,0.029976
-0.002765,0.007568,-0.028328,-0.001833,-0.053991,-0.025311,-0.005534,-0.047568,0.006691,-0.013097,-0.033344,0.019178,-0.027934,-0.061525,-0.061998,-0.022138,-0.028894,0.010538,0.013291,0.005841,0.030786,-0.010699,-0.026774,-0.011602,0.004396,-0.001830,-0.001711,-0.020527,-0.031695,-0.026887,-0.124767,-0.115064,-0.072701,-0.005310,-0.001626,-0.070192,0.059242,-0.047510,0.003114,-0.068763,0.057694,-0.059521,-0.108201,0.047306,0.014854,-0.043921,0.010348,-0.034185,-0.068919,-0.021459
-0.054431,0.022923,-0.057560,0.034040,-0.030007,-0.003705,-0.043107,-0.059772,-0.080663,0.000081,-0.008275,-0.026335,0.010760,-0.009914,-0.020580,0.006726,0.049955,-0.038836,-0.028384,-0.025372,-0.014409,-0.036826,-0.048694,-0.075893,-0.046021,-0.029401,0.005751,0.002749,-0.010020,-0.026505,-0.110079,-0.061169,0.061912,-0.022786,-0.048092,-0.089188,-0.000579,-0.111781,-0.099914,-0.060897,0.003962,-0.052561,-0.032585,-0.070165,-0.009038,-0.012388,-0.035904,0.005378,-0.023552,-0.021721
-0.064176,-0.068774,-0.007190,0.085669,-0.069398,0.009689,-0.007149,-0.076533,-0.078845,-0.047639,0.037550,-0.056712,-0.000229,-0.074532,0.031931,0.074044,0.034892,-0.022374,0.052445,-0.022378,-0.003883,0.043697,0.006020,-0.030670,0.039681,0.039341,-0.007348,0.013255,-0.020127,0.016513,0.061882,0.004689,0.110628,-0.062486,-0.010305,0.038215,0.025586,-0.006413,0.027823,0.020297,-0.025736,-0.010011,0.044974,-0.022562,-0.014796,-0.021050,0.044473,-0.058061,0.041984,0.001389
0.022502,0.025467,0.092482,0.014414,-0.039279,0.052345,0.017279,0.016875,0.123089,0.001267,0.016916,0.001136,-0.077437,-0.010363,0.062725,0.063919,0.064407,-0.031770,0.070781,0.029741,0.003595,0.061661,0.040205,0.045402,0.026209,-0.055401,0.056523,0.044534,0.046654,-0.013281,0.033527,0.028952,0.077610,0.041507,0.013884,0.075242,0.012427,0.109593,0.070355,-0.022733,0.032939,-0.019959,0.085464,0.000487,-0.000511,0.046314,0.008012,0.017200,-0.008419,0.022643
0.103766,0.021541,0.014492,-0.059291,-0.045406,-0.071101,0.027467,0.023292,0.080539,0.044649,-0.011661,0.043539,0.027404,0.080254,-0.013905,0.075823,-0.011187,-0.018771,0.060346,-0.003648,0.007416,0.059462,0.080712,0.018538,0.001186,0.055222,0.039087,0.047569,0.085047,0.061530,0.084711,-0.003822,0.031090,0.030964,0.062706,0.002260,-0.017738,0.056955,0.068760,0.033144,0.038625,0.035461,0.144993,0.095033,-0.068828,0.007094,0.007045,-0.001573,0.060702,-0.034210
0.002908,0.026375,0.037641,0.060899,-0.041628,0.030124,0.042596,0.062661,0.039512,0.041143,0.014995,-0.027468,-0.024786,0.000923,0.055090,0.009276,0.089014,0.063110,0.072730,0.086758,0.012262,0.049158,0.085376,0.020387,0.045571,-0.010590,0.014796,0.057726,0.049816,-0.000614,0.030646,0.066291,-0.001360,-0.003551,0.033343,-0.019262,0.010607,-0.014180,-0.016567,0.024772,0.017536,0.044636,0.041434,0.029356,-0.018590,0.070276,0.017331,0.054909,0.083895,-0.041191
0.032719,-0.035312,-0.004554,0.058476,0.000748,0.005255,0.004214,0.005520,-0.031461,-0.012362,0.004558,0.019950,-0.058978,0.003246,-0.028896,-0.001636,-0.033227,-0.055794,0.000779,0.004941,-0.053466,-0.028046,-0.057419,-0.043475,-0.050852,-0.018651,0.011214,0.009336,-0.018573,-0.004839,0.017867,0.022609,-0.002814,0.020180,-0.011952,0.003368,0.084612,0.047591,0.006720,-0.006039,-0.013394,0.068174,0.048966,-0.070827,0.014935,-0.002637,0.004292,-0.006058,0.048080,0.050448
0.016760,-0.014184,0.034660,0.002180,0.030673,0.032472,0.021056,0.047741,0.083239,0.019848,0.041631,0.013741,0.076562,0.111439,0.072438,-0.004437,0.032894,0.031717,0.100449,0.067442,-0.004337,0.026931,0.100928,-0.019128,-0.007670,0.038390,-0.020511,0.084892,0.068298,-0.021843,0.089863,0.013525,0.017484,0.023813,0.022364,-0.087727,-0.063805,-0.050942,0.009248,-0.058652,-0.023851,0.106725,0.046716,0.044120,0.085058,0.079332,0.008808,0.058246,0.026743,0.010338
0.030355,0.023687,0.005827,0.014651,0.079306,0.024515,0.091391,0.051369,0.021683,0.019052,0.021954,0.016706,0.022400,-0.029256,-0.022221,-0.049070,0.057402,0.135227,0.034310,0.025460,0.035418,-0.002788,0.021504,0.031194,0.022961,0.052265,-0.013159,0.095889,0.033296,-0.008164,0.046306,0.048670,0.052591,-0.017131,0.149432,0.048811,0.072814,-0.022055,-0.025091,0.144019,0.091169,0.031161,0.022913,0.089185,-0.033692,0.015035,0.006626,0.077547,0.030342,0.101232
0.010333,0.003007,-0.043560,0.046271,-0.041160,-0.015497,-0.046062,-0.006866,-0.019000,0.042486,-0.024950,0.010286,-0.001747,0.003049,0.057863,-0.011657,-0.035573,-0.014499,0.015178,-0.046875,0.041063,-0.026773,0.012976,0.018541,0.026868,-0.010019,-0.010209,-0.045661,0.016350,-0.019704,-0.026108,0.055546,0.033148,-0.025704,0.003127,-0.005079,-0.004818,-0.021643,0.046058,-0.060330,-0.043220,0.066485,-0.058313,0.011521,-0.001673,0.022522,0.007948,0.044095,-0.008592,0.053817
-0.030497,-0.033455,0.021957,-0.007224,0.017755,-0.043036,0.014870,-0.033070,0.035133,0.008274,0.012371,-0.007184,-0.039657,0.015042,0.123071,-0.005879,0.071653,-0.033555,0.104137,0.006419,-0.002520,0.030616,0.029567,0.022361,0.027479,-0.015166,0.045893,-0.047002,0.032373,0.110346,-0.033124,0.032284,0.037165,-0.008767,0.019377,0.000302,-0.014026,-0.044027,0.013980,0.026813,-0.021233,-0.010104,-0.010133,-0.020998,-0.002243,0.011045,-0.020657,0.049666,0.009916,0.015383
-0.010084,-0.017336,-0.024158,0.013559,0.004472,-0.035708,-0.076315,0.048009,-0.048310,-0.018508,-0.021895,-0.030796,0.005157,0.016149,-0.041728,-0.034146,-0.059899,0.032977,-0.004709,0.012659,0.025388,-0.002614,0.029342,0.006794,-0.002685,-0.053982,-0.019505,-0.064762,-0.057617,0.015809,-0.029080,-0.009669,-0.035765,0.067493,-0.010638,-0.017353,-0.056135,-0.022232,-0.052919,0.015939,-0.021932,0.044338,-0.023621,0.008694,0.010199,-0.029462,0.014032,0.022020,-0.044616,0.087280
0.076694,0.062776,0.025951,-0.051294,-0.053966,-0.020034,-0.023456,0.025582,0.012639,0.012963,-0.007549,0.044898,-0.012258,-0.031234,-0.064343,0.103579,-0.096950,0.030275,-0.078961,0.028370,-0.015718,-0.025711,0.062755,0.036770,0.048914,-0.004205,-0.000684,0.006322,0.024371,0.004112,0.054937,-0.012772,-0.010254,-0.033857,-0.000785,-0.079093,-0.032549,-0.003639,0.045941,0.027253,0.001504,-0.029863,0.011410,-0.006765,-0.071812,0.020410,-0.009568,0.014463,-0.004408,-0.033118
0.034179,0.033022,-0.008681,0.046348,-0.020585,0.027923,-0.090638,-0.056281,-0.020580,-0.012285,0.009625,-0.009649,-0.027565,-0.020015,0.033389,-0.095516,-0.067421,-0.049273,-0.059563,0.010318,-0.040065,-0.009973,-0.088527,-0.011675,-0.003090,-0.041237,0.002623,-0.037380,-0.055609,-0.064057,-0.067400,-0.017825,0.020443,0.004603,0.005095,-0.010964,0.019766,-0.004574,-0.073271,0.003331,0.012393,-0.002776,-0.012926,-0.018802,-0.057850,-0.057315,-0.058620,-0.014522,0.014732,-0.016197
0.042307,-0.034829,0.042560,-0.015086,-0.073269,-0.003739,0.009783,-0.048352,-0.047574,-0.058057,-0.078329,-0.070559,-0.016808,-0.045535,-0.031015,-0.083305,-0.080952,0.019307,-0.096354,-0.032420,-0.019389,0.060957,0.017529,-0.072233,-0.092564,-0.024050,-0.037294,-0.080813,-0.063870,0.020834,0.014414,-0.038498,0.009850,-0.015360,-0.029313,-0.014434,0.003674,-0.016108,-0.002699,0.014736,0.004411,-0.043687,0.037177,0.004266,-0.025016,-0.086645,-0.050234,-0.040801,-0.004219,-0.022569
-0.059318,0.017824,0.044952,0.034962,0.076491,-0.056806,-0.077878,0.004018,-0.009724,0.050175,0.008944,0.022972,-0.005783,0.043498,-0.020907,-0.024253,-0.033180,0.037660,0.015414,0.028675,-0.003463,-0.030701,0.011490,0.023578,0.027381,-0.016123,0.002794,0.013647,-0.005876,0.018751,0.046608,-0.030267,0.006653,-0.002606,0.035890,0.005826,-0.046550,0.012053,0.054214,0.050600,-0.020241,-0.051679,0.063643,-0.041436,-0.039864,-0.040279,-0.029579,0.035379,-0.012635,0.007311
0.078267,-0.000872,0.054781,0.012375,0.045915,-0.027396,0.052476,-0.003711,0.015414,0.017482,0.027253,-0.022811,0.066602,0.034996,0.054841,-0.078488,-0.030030,0.140152,0.055660,-0.021832,0.038713,0.062467,0.035231,-0.011178,0.080058,-0.027016,-0.035781,0.040896,-0.003688,0.106961,0.024213,0.066220,0.052146,0.040954,0.058758,0.006837,0.010518,0.045612,0.039880,0.002223,0.078961,0.058708,0.044602,-0.045218,-0.029229,0.031130,-0.010081,0.064227,0.050186,0.026332
-0.029061,0.084316,-0.009557,0.012918,0.030453,0.068495,0.023824,0.081158,-0.001076,-0.009376,0.095710,0.055478,0.068771,0.089211,0.076427,0.024831,0.033630,-0.020993,0.062079,0.032700,0.001415,0.096597,0.049493,0.018838,0.047889,0.028232,0.042173,0.107204,0.028501,-0.036839,0.015555,0.003519,-0.011337,-0.012721,0.001779,0.010991,-0.046575,0.025539,0.016923,0.027503,0.074336,0.033878,0.000814,0.022868,0.037194,0.044146,0.071794,0.027589,0.047004,0.058965
-0.013103,0.081380,-0.067414,-0.032370,-0.009301,-0.074327,-0.025395,-0.024454,-0.036823,-0.034190,-0.035072,-0.049511,-0.053747,0.037751,0.027503,0.022069,-0.032810,-0.049813,0.016477,-0.038883,0.011753,-0.039515,-0.017547,-0.085297,0.040207,-0.012871,-0.041981,-0.024988,-0.033429,-0.053379,0.024578,-0.049195,0.068402,-0.060081,-0.006518,0.008895,-0.025015,-0.018802,-0.057174,-0.007132,0.001557,0.010257,-0.014179,-0.018429,-0.020566,-0.021939,-0.013199,-0.041667,-0.049353,-0.091944
-0.013209,0.008037,-0.003305,-0.031996,0.003161,-0.016469,0.037572,-0.021294,0.048572,-0.044162,0.008496,-0.009332,0.017870,-0.078522,-0.037992,0.011824,0.007716,-0.030837,-0.030757,-0.023516,-0.061929,-0.108828,-0.072482,0.032041,-0.027209,0.021602,-0.049147,-0.042786,-0.081912,-0.000719,-0.001274,0.002842,-0.041168,-0.019137,-0.032081,0.011996,-0.007337,-0.107016,-0.054738,0.052239,-0.003958,0.061099,0.003930,-0.023514,-0.011292,-0.045512,0.031950,-0.058239,-0.042721,-0.031148
0.051831,-0.037583,-0.053492,0.080399,0.038025,0.042942,0.062558,0.029775,0.079978,0.039736,0.028874,-0.003781,0.068296,0.052772,0.013963,-0.053535,0.092665,0.003426,0.123601,0.041911,-0.007506,0.026379,0.040956,0.032152,0.087066,0.025482,0.039764,0.012500,0.075013,0.086095,-0.101463,-0.008497,0.025921,0.008379,0.014942,-0.002735,0.004999,-0.045112,0.030480,0.046734,-0.007000,-0.016363,0.025395,0.032457,0.076592,-0.038489,-0.009935,0.093879,0.000193,0.078187
0.005743,-0.069762,-0.024125,-0.089812,0.016732,-0.049061,0.030347,-0.054808,0.013867,0.023978,-0.020749,-0.012056,-0.043455,-0.102404,0.012529,0.029234,-0.048823,0.038558,-0.036852,-0.029762,0.003309,0.040244,0.020850,-0.097856,-0.051092,0.021504,0.005921,-0.021555,-0.094854,-0.001962,-0.040512,0.004869,0.065784,0.009308,-0.035419,-0.042232,-0.001391,-0.105262,0.003404,-0.022614,-0.013880,0.017091,-0.048686,-0.052670,-0.067761,-0.039362,-0.010118,-0.030645,-0.064549,-0.031073
0.039774,0.042626,0.036196,-0.020242,0.021529,-0.040855,0.006932,0.038076,-0.036696,-0.003591,-0.025959,-0.050673,-0.005239,0.055002,-0.078540,0.090194,-0.000911,-0.027124,-0.010373,-0.048132,0.026069,0.090644,-0.016974,0.010712,-0.027283,0.023243,0.016656,0.034315,-0.034585,0.009272,-0.009305,0.027315,0.031331,-0.055495,-0.062040,0.058422,-0.039165,-0.003606,-0.029318,-0.018690,0.022908,0.006562,0.026085,0.029323,-0.014545,-0.010800,-0.021272,0.019489,0.018705,0.032047
-0.042500,0.060757,-0.015463,-0.067056,0.024632,-0.030440,0.019182,-0.030354,-0.042985,0.019949,0.026944,0.033617,-0.011712,-0.049268,-0.046600,0.032298,0.027199,-0.036283,-0.073854,-0.049891,0.053354,0.008637,-0.012379,-0.004998,-0.041789,0.018058,0.009716,-0.064953,0.004694,0.021774,0.062613,-0.021701,-0.031055,0.010592,0.017939,0.023945,-0.024209,-0.008461,0.079325,-0.019630,0.022542,0.033847,0.059396,0.063246,-0.034024,0.005708,-0.023298,-0.007746,-0.002983,0.039451
-0.088791,0.019483,-0.033128,-0.010719,-0.026367,-0.046113,-0.009778,0.001978,-0.035962,0.039013,0.025307,0.019745,-0.031402,-0.008923,-0.015805,-0.026152,-0.026894,0.012221,0.029887,-0.005889,-0.033589,-0.036249,0.003986,0.012493,0.022252,-0.064659,0.076983,0.032501,-0.114321,0.003107,-0.082285,0.075897,0.056631,-0.026065,-0.019571,0.007920,-0.023170,-0.019711,-0.060057,0.030627,0.032735,0.008597,0.008497,0.030849,0.040873,0.031906,-0.000577,0.021534,-0.049571,0.006620
-0.020493,-0.032569,-0.020545,-0.058661,0.042959,-0.078217,-0.057485,-0.056940,-0.009217,0.018899,-0.021496,0.001819,-0.088134,0.007853,-0.147194,-0.019811,-0.031474,0.027976,-0.120290,-0.030121,0.041909,-0.038577,-0.025781,0.012490,-0.001007,-0.075525,0.001638,-0.018727,0.069066,-0.044697,-0.078208,-0.027286,-0.019118,-0.006576,-0.041225,-0.027541,-0.019222,-0.119761,-0.095970,-0.014036,0.038099,-0.079697,-0.097125,-0.012005,-0.089548,0.031107,-0.031221,-0.037475,-0.089991,-0.075380
-0.067226,-0.003816,-0.010960,0.041206,-0.012954,-0.016193,-0.068577,0.020918,-0.002092,-0.017717,-0.091221,-0.051388,0.124385,0.023601,-0.051046,0.031617,-0.065523,0.068909,-0.075439,-0.045052,0.021117,-0.001253,-0.008205,0.065221,0.039186,-0.011864,-0.014785,-0.047027,-0.005915,-0.000818,-0.027949,0.041689,0.023204,-0.018519,-0.048731,0.028562,-0.009381,0.096911,-0.048412,0.027638,0.046139,0.019326,0.008162,0.013443,-0.001784,0.040132,-0.016169,-0.018158,-0.050532,0.081107
0.025455,0.026761,-0.046817,0.005543,-0.043684,0.010316,0.006473,-0.016861,-0.026844,-0.008123,-0.023798,0.042629,-0.052008,-0.010480,-0.009753,0.026941,-0.041138,-0.050601,-0.029577,-0.033902,0.059151,0.002462,-0.018186,0.003353,0.050891,0.032565,0.084604,-0.050394,-0.053183,0.024813,-0.045057,0.036913,-0.018767,-0.008917,0.009167,-0.040220,-0.070835,-0.021306,-0.049670,0.011105,0.120622,0.011533,-0.035739,-0.093259,-0.029299,-0.054400,-0.085250,-0.025663,0.005855,-0.036450
-0.018793,0.031849,0.011975,0.043029,0.014091,0.006503,0.045868,0.009422,0.064433,-0.018048,-0.032672,-0.028657,0.032013,0.072620,0.010629,0.046574,0.004394,-0.029945,0.000347,0.023848,0.042263,-0.044171,0.034569,0.038209,-0.036950,0.009055,0.062711,-0.025084,0.052340,0.035773,0.088867,-0.030602,0.031623,-0.008708,0.047795,-0.019015,-0.016180,0.013593,-0.003197,-0.000382,-0.013131,0.000251,0.041135,0.007324,0.055516,0.033845,-0.022014,-0.034686,-0.026414,0.003390
0.034062,-0.004343,0.006907,-0.059983,0.067298,-0.082199,-0.015019,0.006304,-0.053800,-0.039483,0.075818,-0.017649,-0.058091,-0.009777,0.058039,0.036085,-0.085411,0.039093,0.006368,0.023638,-0.117661,0.050205,0.007887,0.012722,0.053092,0.015945,0.020209,0.059549,0.005531,-0.095389,-0.012209,-0.022671,0.014071,-0.000753,0.024000,0.030265,0.011865,0.001621,-0.037191,0.029512,0.030985,0.019248,-0.034272,0.014461,0.063223,0.059994,0.012943,0.070283,0.004803,-0.003406
0.021641,-0.000798,0.042581,-0.042607,0.001071,0.024155,-0.046798,0.100398,0.015083,0.075136,-0.036875,-0.098355,-0.042488,0.027147,-0.060864,0.006670,0.059010,0.006419,-0.067776,-0.029625,-0.013877,-0.048491,-0.029535,0.007013,0.005083,-0.020246,0.028466,0.061436,0.017404,0.124471,-0.041971,0.029461,0.023853,0.002666,0.058459,0.009930,-0.041152,-0.105268,-0.002282,-0.071589,-0.034121,0.038221,-0.017862,-0.048446,-0.028018,-0.006525,-0.009250,-0.044831,0.009111,-0.013911
-0.034737,0.003921,-0.044060,0.049075,-0.038719,-0.039145,0.060642,0.016478,0.046613,-0.043043,-0.030442,-0.010902,-0.035001,-0.021581,-0.032132,-0.008258,-0.045361,0.011926,-0.052446,0.014212,-0.057452,0.084166,0.064259,-0.069284,-0.102827,0.024308,-0.046350,-0.017167,0.030205,0.010700,0.019628,0.019938,-0.054145,-0.000978,-0.003820,-0.025397,0.038998,-0.033458,0.057791,-0.046086,-0.016614,-0.025605,-0.001695,-0.048640,-0.049027,0.066116,0.033721,-0.019618,-0.062837,0.014086
-0.015035,0.015191,0.012571,-0.018453,-0.045895,-0.012176,-0.059122,-0.011100,-0.129496,-0.006815,-0.053540,-0.039527,-0.030698,-0.019499,0.012814,-0.024736,0.010708,-0.029886,-0.083473,-0.059190,-0.100918,-0.010653,-0.128853,0.010193,0.008649,-0.030782,-0.046673,-0.060732,-0.024177,-0.012323,-0.074702,-0.025182,-0.014314,-0.034031,-0.049929,-0.077156,-0.055097,0.028090,-0.104182,-0.014805,0.026516,-0.049902,0.058030,-0.001335,-0.013789,-0.032049,-0.080970,0.015505,-0.077438,-0.074165
0.018756,0.017262,-0.060963,-0.088581,0.048804,0.010984,-0.000437,-0.071696,-0.027366,-0.035572,-0.016356,-0.014721,-0.075023,-0.005248,-0.091134,0.044156,0.054905,-0.032674,-0.078636,-0.010815,0.012176,-0.047586,-0.088560,-0.076476,-0.082951,-0.072077,-0.019699,-0.004059,-0.054074,-0.032087,-0.073767,-0.023180,-0.037132,0.040352,-0.034899,-0.006789,-0.001694,-0.031183,-0.082604,-0.133128,0.001651,0.003556,-0.032772,-0.041699,-0.056765,0.019234,-0.042294,-0.050021,-0.016410,-0.022448
-0.007585,0.047655,-0.041096,-0.006718,-0.001628,0.058495,0.027856,0.025661,-0.016773,0.053661,-0.067350,-0.001696,0.009846,-0.003549,-0.031869,0.005395,-0.025575,0.051096,-0.080843,0.042301,-0.000058,-0.001044,-0.014582,0.024347,0.005530,-0.023106,-0.019284,0.002810,0.021063,0.005195,-0.025709,-0.004477,-0.032616,-0.061070,0.029924,0.020047,0.033469,0.040390,0.020630,-0.009247,-0.059594,0.048068,-0.047781,-0.059992,0.059217,-0.022135,-0.027240,-0.006400,-0.078009,0.092986
0.069115,-0.042614,0.053850,0.002084,0.009076,0.035983,-0.000238,0.073123,0.079658,-0.035534,0.093837,-0.014893,-0.000318,-0.010461,-0.006096,0.084084,0.008340,0.006301,0.046195,0.038695,-0.059891,0.026772,0.033904,0.004746,0.039522,-0.003403,0.074866,0.019764,0.020203,0.067212,-0.091215,0.033670,0.049339,0.020700,0.056419,-0.002512,0.009560,0.009238,0.032745,0.043947,0.035105,0.066427,0.040048,0.001852,0.059214,0.068970,0.010739,-0.042978,0.076226,-0.040411
-0.000108,0.068944,-0.064040,-0.068379,0.018723,-0.027145,0.001752,-0.013435,-0.004060,-0.005388,-0.075148,0.000598,0.053042,0.006343,0.002748,0.019167,-0.009752,0.060823,0.045833,-0.045960,-0.010821,-0.055551,-0.049283,-0.086194,0.071879,0.088387,-0.017742,-0.024029,0.026827,-0.028376,-0.082132,0.034326,0.027235,-0.049843,0.009132,0.009294,0.057270,-0.080524,-0.039983,-0.004645,-0.036715,0.040853,0.032837,0.006357,-0.062562,0.019555,0.001614,0.024435,-0.048512,-0.036137
0.037263,-0.001055,0.020513,-0.037556,-0.040264,0.035083,0.029344,0.017463,0.029372,-0.005653,-0.018458,0.043128,0.019303,-0.002810,-0.095406,0.030270,-0.050788,-0.032528,0.024055,-0.024008,0.015890,-0.010643,-0.018892,0.019079,-0.024343,0.012802,-0.006297,-0.091108,0.047458,-0.006473,-0.011689,-0.001741,0.009288,0.007803,0.010362,0.044808,0.028277,-0.013997,-0.046154,-0.029818,-0.027242,0.047545,0.013178,-0.087245,-0.026603,-0.005185,-0.038127,-0.076993,0.001312,0.039011
-0.029871,-0.021623,0.040637,0.035656,0.038586,0.069955,0.010874,0.045146,0.004864,0.036292,0.030411,0.045360,0.086104,0.068692,0.059764,0.003239,0.097016,0.004746,0.059909,0.070021,0.065864,0.080218,-0.003013,0.088576,0.000801,0.077027,-0.004778,0.068937,0.066498,-0.036815,0.049702,-0.035125,0.052086,0.013065,-0.044007,0.086488,-0.013508,0.024105,-0.027258,0.083796,0.040717,0.052742,-0.004658,0.090211,0.083351,0.034514,0.042031,0.060333,0.071420,0.068633
0.038615,0.049465,-0.042358,0.036699,-0.011839,-0.086912,-0.024480,-0.038435,-0.011411,0.052362,-0.032872,0.014293,-0.047410,-0.043764,-0.015516,0.042261,-0.038838,0.064243,0.031104,-0.072049,-0.058426,-0.071015,0.051279,-0.027325,-0.019171,-0.000559,-0.016144,-0.043515,0.029298,0.003910,0.010725,0.052969,-0.079575,-0.094387,-0.044245,0.027176,-0.024512,-0.016567,0.027173,0.015167,0.028112,-0.007299,0.042800,-0.037082,0.045240,-0.028456,-0.025272,-0.070074,-0.001817,0.011025
0.011692,-0.025447,-0.016690,-0.017147,-0.095630,0.003417,-0.061340,-0.131390,-0.046161,0.014365,-0.049911,-0.040567,-0.061985,-0.025521,-0.024990,-0.075791,0.025060,-0.003602,-0.038852,-0.085095,-0.039598,0.015011,0.009780,-0.117959,-0.001079,0.000689,-0.024122,-0.009709,-0.096706,-0.065570,-0.007327,-0.080544,-0.039633,0.027790,0.014222,-0.061000,-0.113575,-0.094050,-0.011886,0.062497,-0.022230,-0.007922,-0.078224,-0.055830,-0.037000,-0.012852,-0.004041,-0.040606,-0.047360,-0.088434
-0.017667,0.063264,-0.017481,-0.012599,0.015575,-0.057607,-0.010734,0.032676,0.027966,0.007540,-0.037517,0.006532,-0.002212,0.038256,-0.017007,0.026344,0.004358,0.072696,-0.035804,0.058718,0.013956,-0.031942,-0.048573,-0.001714,0.008621,-0.005170,0.015112,-0.002738,0.068309,-0.029765,0.002794,0.007740,0.008508,-0.025811,0.043771,-0.048162,0.003705,0.055923,-0.057104,0.005003,-0.037390,-0.016148,-0.008639,-0.030029,0.060223,-0.091170,0.012526,-0.008237,0.001559,-0.032954
0.005396,-0.019579,0.042302,-0.056252,-0.031164,-0.030992,-0.025844,-0.083748,-0.028867,0.013803,-0.049832,-0.004456,-0.003421,-0.096082,-0.028327,0.001451,-0.077666,-0.034467,-0.001800,-0.051320,-0.059415,-0.049516,-0.063317,-0.010833,-0.042097,0.055050,-0.021304,-0.184683,-0.003945,0.029036,0.046851,-0.087582,-0.014500,0.053753,0.009005,-0.094609,-0.043398,-0.019704,-0.034000,-0.041308,0.074029,-0.054404,-0.056765,-0.002933,-0.018926,-0.058801,-0.068238,-0.087863,-0.074589,-0.053613
0.025443,0.009675,0.063841,-0.070262,-0.103971,0.008409,-0.060719,-0.076061,0.069992,0.074877,-0.044601,-0.044093,-0.047523,-0.002985,0.044833,-0.007635,-0.003046,-0.001632,-0.018748,-0.102217,-0.007822,-0.005963,-0.038582,-0.042859,-0.000208,0.010655,0.005332,-0.018047,0.002004,0.039452,0.036675,-0.036689,0.003488,0.012630,-0.024355,0.012859,-0.023130,0.054339,-0.047140,-0.054982,-0.035093,0.016837,-0.031687,-0.036335,-0.024011,0.042638,-0.012113,-0.068415,-0.040049,-0.022091
0.048238,0.046990,-0.000854,0.103979,-0.113253,0.032473,0.037539,-0.004818,0.036882,-0.018592,0.025237,-0.027446,0.017860,0.006875,0.039304,-0.011891,-0.024215,0.032675,0.040970,0.055227,-0.041128,0.054234,0.026454,-0.037933,0.011343,-0.075530,0.082872,0.033202,-0.005207,-0.023892,0.067553,0.020280,0.044474,0.128112,0.044602,0.063034,0.164115,0.062379,-0.044998,-0.008757,-0.029773,-0.042958,-0.034434,0.067373,0.021232,0.065108,-0.049247,0.022968,0.086659,0.033312
0.035626,-0.045017,-0.005488,0.127954,-0.037483,0.026718,0.018365,0.072164,0.033915,0.036351,-0.031998,-0.042378,0.061326,0.058767,0.013934,-0.023093,-0.003537,0.004183,-0.050763,0.070995,-0.039285,-0.047641,0.032758,-0.044040,-0.032544,-0.061913,0.005529,-0.077863,-0.038869,-0.006072,0.001442,0.035586,0.003473,-0.113916,0.033147,0.038764,0.023831,-0.027510,0.039237,0.050324,0.048154,0.049941,0.029232,0.003749,0.001482,-0.022802,-0.009296,0.072933,-0.005706,0.006210
-0.037981,0.002754,0.019037,0.006547,0.069128,0.057987,0.074648,0.044777,-0.022923,-0.010179,0.007220,-0.008091,0.048135,-0.015678,0.047088,0.066151,0.014608,0.049554,0.013885,0.062694,0.040814,0.050223,0.033827,0.032334,0.021883,-0.048806,0.011995,0.017680,0.042438,-0.048056,0.069776,0.010111,0.029399,0.014366,0.101606,-0.022935,0.061812,0.029722,0.066747,0.012151,-0.021900,0.079106,0.039824,0.081221,-0.017790,-0.010294,0.051251,0.079986,-0.009465,0.078285
0.056683,0.069924,0.017598,0.046191,-0.021636,0.065688,-0.007918,0.039586,0.064510,-0.026945,0.129015,-0.016503,0.008592,0.018638,0.123686,0.050741,0.028706,0.037242,0.015328,0.042439,0.015787,0.025723,-0.011968,0.036166,0.021535,0.021929,0.048262,0.021566,0.019422,0.009173,0.030994,0.028589,-0.010936,-0.016229,0.059811,-0.009730,0.035126,-0.027712,0.062842,0.054718,0.054669,0.055407,0.091135,0.054527,0.042268,0.045665,0.040513,0.036279,0.063038,0.074195
-0.001904,-0.018411,0.004203,0.021630,0.046135,-0.032592,0.067846,-0.057210,-0.032436,0.022186,-0.024046,0.001604,-0.070073,0.015010,-0.081784,-0.054886,-0.087933,0.000256,-0.001465,-0.027012,-0.023061,0.023902,-0.088120,0.012701,0.021722,-0.065193,-0.017337,-0.083716,-0.055539,0.008082,-0.064570,-0.060880,0.035485,-0.031766,-0.012334,0.014432,-0.014138,-0.067446,-0.034748,-0.074813,0.018877,-0.026781,-0.048313,-0.057361,0.052625,0.081532,0.048032,0.030688,0.009915,0.004033
-0.040931,-0.025127,0.009138,-0.021892,-0.036444,0.041420,0.026902,0.003202,0.007491,0.020295,0.066215,-0.063482,0.023361,-0.009437,-0.001739,0.012897,0.009944,0.080388,-0.003716,0.053976,-0.030255,0.013750,0.027701,-0.018511,0.087142,0.005867,-0.079794,-0.045413,-0.080392,-0.034172,0.036604,-0.002536,0.046546,0.081931,0.090288,0.021798,-0.048342,0.004341,-0.017237,0.027417,-0.016283,-0.029786,0.057219,0.033496,-0.015992,0.076189,0.011144,0.008747,0.018282,0.004760
0.026134,0.025542,0.055833,-0.045135,-0.044002,0.028626,0.060356,0.006529,-0.027674,0.084039,0.080259,0.093089,-0.010091,0.025028,0.020737,0.055318,0.141523,0.011641,0.023673,0.048450,0.070227,0.021622,0.057292,0.024346,-0.025621,0.112137,0.044609,0.048444,-0.035261,0.022529,0.062381,0.026985,-0.013893,-0.010192,-0.014238,0.024251,0.032796,0.059366,0.073363,0.071409,0.025750,0.023927,0.024024,0.070753,0.013283,-0.028571,0.000885,0.050516,0.051089,-0.000308
-0.057669,0.005004,0.048432,-0.003162,0.020719,0.017396,-0.013050,-0.030277,-0.078587,0.009760,-0.014664,-0.014648,-0.080655,0.047880,-0.018280,-0.131532,-0.000330,-0.006668,0.027539,0.007536,-0.051061,-0.003293,-0.002801,-0.019446,0.058617,-0.043797,0.021464,-0.010180,-0.056900,-0.064198,0.024259,-0.020921,0.033357,-0.089133,-0.057371,-0.137514,-0.012111,-0.068674,-0.048781,-0.093010,0.001674,-0.053321,-0.011001,0.038201,-0.066326,-0.010791,0.009767,-0.054062,-0.030800,-0.080995
0.070587,0.061345,-0.004952,-0.002843,0.035950,-0.023570,0.028756,-0.016530,0.025918,0.085451,0.009083,0.052705,0.022104,0.015194,0.087566,0.024135,0.007768,0.010696,0.073717,0.055608,0.071994,0.079951,-0.008201,0.000143,0.015626,0.017318,0.079504,0.015661,-0.011533,0.036456,-0.068638,-0.030717,0.022612,-0.055883,-0.029438,0.048585,-0.003017,0.035396,0.028662,0.040727,-0.010100,0.032234,-0.042598,-0.009591,0.012783,0.039028,-0.011765,0.024117,-0.005586,-0.015111
-0.027285,-0.038327,0.038117,-0.034667,0.042609,-0.003601,0.006863,-0.025764,-0.003171,0.002945,0.035163,-0.012010,-0.030630,-0.109605,-0.001647,-0.029665,0.067652,0.023004,-0.021200,0.024935,-0.012322,0.067151,-0.048648,0.019854,-0.033688,0.052551,0.026335,-0.019901,-0.031224,-0.048070,-0.023087,-0.013797,0.026197,0.045793,0.031270,-0.035066,0.009052,0.007500,-0.041050,-0.014674,-0.038438,0.017609,-0.020629,-0.019390,-0.042163,-0.055887,0.005807,-0.068044,0.020015,-0.009843
-0.038221,0.052969,-0.001112,0.052269,-0.003380,-0.051749,0.006853,0.067482,0.003426,-0.008784,0.045052,-0.014046,0.021028,-0.080515,0.008992,-0.035204,-0.021169,0.019113,-0.034819,0.025511,0.097145,-0.006712,-0.035203,0.020205,-0.012875,0.051701,0.019775,0.060294,-0.043043,0.015553,0.085212,0.080141,0.037889,-0.001278,0.012137,0.112260,-0.042232,0.085840,-0.035750,0.018009,0.018010,0.032614,0.038135,0.009083,0.035957,0.041385,0.005621,0.031189,0.031718,0.006635
0.004422,0.001149,-0.006140,-0.010246,-0.041172,-0.048111,0.020116,-0.063368,0.008216,-0.022250,0.015655,-0.003229,0.030437,-0.009167,0.058085,-0.014728,-0.005373,0.040865,0.003651,-0.022861,-0.016273,0.056338,0.017500,-0.023548,0.040708,-0.042688,-0.102010,-0.068950,-0.007222,0.037852,0.016277,-0.012423,0.013649,-0.094658,-0.033822,0.018181,0.026656,-0.042556,-0.013878,-0.118162,-0.049791,-0.011829,0.048443,-0.103903,-0.025695,-0.046526,-0.015646,-0.003433,0.027150,-0.070484
-0.001807,0.042118,-0.023237,-0.033978,-0.060396,-0.054841,0.011056,0.037652,0.011049,-0.058601,0.055977,0.030233,-0.046071,0.041696,-0.016095,0.075955,-0.029767,0.062404,0.019845,-0.010539,-0.010252,-0.058608,-0.015656,0.050757,-0.007683,0.006031,-0.034368,-0.041387,-0.025723,-0.033697,-0.082551,-0.010253,0.031871,0.044265,-0.056354,-0.037716,-0.061925,-0.023048,-0.010772,0.009741,-0.003335,-0.022883,-0.091794,-0.020411,-0.072302,-0.069497,-0.020384,-0.045740,-0.086556,-0.051685
-0.039999,-0.004970,-0.019265,-0.031381,-0.009099,0.009511,0.042581,-0.006373,-0.012676,-0.033218,0.071006,-0.076804,0.041126,-0.029393,0.045864,0.006105,-0.039396,0.021536,-0.021065,0.017904,0.030658,0.022856,0.093735,0.016499,-0.020384,0.031708,0.027715,0.000655,0.017346,-0.006279,-0.019453,-0.069191,-0.009853,-0.032296,0.044040,0.070946,-0.070502,0.062351,-0.043728,0.049623,-0.035236,-0.022435,0.040150,0.036233,-0.001389,-0.007027,0.004863,0.091731,-0.039669,-0.042516
-0.002629,0.010948,0.022823,0.036676,0.002049,0.061287,-0.014414,0.018762,-0.015283,-0.057068,-0.061611,0.053110,-0.069384,0.046421,-0.034582,0.069497,-0.025202,0.008151,-0.011470,0.026771,0.016001,0.008727,-0.049319,0.006346,0.049521,0.029850,0.081993,0.015469,-0.079512,0.013209,0.042333,0.027962,0.005826,-0.022125,0.082728,0.054689,0.050715,-0.071139,0.024129,-0.042755,0.024455,-0.079132,0.042737,0.003008,0.001058,0.028417,-0.027324,-0.049338,-0.014842,0.018965
0.019191,0.067182,0.002686,0.039509,-0.026779,0.046234,-0.031008,0.052774,0.037765,0.000759,0.014376,0.011235,0.093251,-0.013689,0.058543,0.020455,0.033426,0.025492,0.024057,0.074858,0.022225,0.049440,0.046799,-0.032494,0.003853,0.052983,0.049134,0.037959,0.075479,-0.012013,0.082002,0.038271,-0.058467,0.004795,0.054244,0.050225,0.041852,-0.007722,0.037382,0.079426,0.011394,0.073255,0.040399,0.075179,0.054980,0.044580,0.053217,0.036289,0.078620,0.058624
0.053960,-0.011770,-0.021377,0.001748,-0.012571,0.016748,-0.007058,-0.040705,-0.076590,-0.015084,-0.034266,0.037133,0.030833,-0.027743,0.016903,-0.038400,-0.040936,0.019334,0.030909,0.010192,-0.005207,0.011193,0.012035,-0.050951,-0.018772,0.044850,-0.015167,0.001400,-0.031425,-0.017232,-0.016640,0.022088,-0.016051,0.052854,-0.005382,0.032610,-0.018226,0.022259,0.066642,-0.054182,0.020153,-0.034267,-0.004820,-0.069019,-0.012534,0.048420,-0.037785,0.001581,0.033853,0.080384
0.015415,0.028113,-0.056397,-0.029157,0.036313,0.037617,-0.026341,-0.002365,0.060105,0.021119,0.020250,0.072934,-0.037307,-0.031301,-0.048412,-0.078482,-0.006135,-0.050783,0.090704,-0.038032,0.022397,-0.021715,-0.039110,0.008483,-0.021083,-0.045412,-0.053907,0.053958,0.007935,0.013958,0.048650,0.020909,0.076925,-0.060803,0.044840,-0.011650,0.049829,-0.015967,-0.042291,0.001484,0.033364,0.007436,-0.057801,0.058086,-0.044562,-0.024461,0.004569,-0.026168,-0.028133,0.037553
-0.061851,0.005113,-0.027057,0.009707,-0.009787,-0.003108,-0.002908,0.018565,-0.063840,-0.029393,0.004049,0.036319,-0.041765,-0.015484,-0.014265,0.029602,-0.022574,-0.058917,0.032126,-0.054405,-0.016173,-0.006860,-0.040083,0.065608,-0.002683,-0.009246,0.011508,-0.075832,-0.004678,0.051829,0.012693,-0.069583,-0.004974,-0.017483,-0.078310,-0.019544,-0.067309,-0.066362,-0.020525,-0.024569,-0.004903,-0.029283,0.034514,0.004645,-0.053051,-0.021950,-0.051434,-0.042735,0.019484,-0.010405
-0.018498,-0.051894,0.002335,0.037209,0.010127,0.029720,0.054224,-0.039650,-0.012031,-0.033887,-0.038906,0.022443,0.047560,0.003403,-0.070936,0.015379,-0.054753,0.069670,-0.022731,0.034725,0.012041,0.054849,0.077997,-0.021790,-0.038091,0.017579,0.015798,-0.034640,-0.018715,0.002875,0.023192,-0.040665,-0.007308,0.066511,-0.079129,-0.037344,-0.038282,-0.052745,-0.046426,0.000827,-0.028586,0.006112,0.010987,0.023993,0.025908,0.014186,0.008612,0.041192,-0.019842,-0.060415
0.075529,0.023815,-0.037961,0.009812,-0.070878,0.041978,-0.062430,0.009082,0.076435,0.030233,0.057735,0.012370,0.025882,0.033189,0.078737,0.058140,0.055977,-0.017701,0.061197,0.043264,-0.072455,0.138542,0.037917,-0.017796,-0.012479,0.040363,0.031278,0.097738,0.031577,-0.023087,0.074514,0.094872,-0.018632,0.032319,0.020433,0.001343,0.002070,0.064842,0.017073,0.102159,-0.047162,-0.029792,0.061294,0.100059,0.092661,0.045276,-0.019450,0.020218,0.007672,0.072661
-0.019821,-0.047537,-0.029528,-0.062324,0.001463,0.015926,-0.061915,-0.000944,0.001379,0.036398,-0.051928,0.032521,-0.102337,0.030594,0.016757,-0.086829,0.053211,-0.033400,0.006956,-0.000718,0.018941,-0.004266,-0.031360,-0.020599,-0.075307,0.054046,-0.010524,0.039592,0.019409,-0.072523,0.010434,0.063770,-0.002974,-0.010058,0.007326,0.053329,0.043668,-0.031581,-0.028309,-0.085046,-0.009043,-0.073514,0.031605,-0.119515,0.041767,-0.002512,0.015968,0.008169,-0.085936,0.021655
0.033829,-0.002986,0.017886,-0.030321,-0.069888,0.036894,0.011596,0.052337,0.033177,0.064557,0.074986,0.040989,0.085591,0.094020,0.096264,-0.006899,0.010229,0.016753,-0.002207,0.039419,0.012774,0.011547,-0.009076,-0.015243,-0.060359,0.013021,-0.004667,0.047849,0.031386,-0.012104,0.031419,-0.017023,0.057421,-0.032956,0.025710,0.036493,0.077266,0.014086,0.054299,0.000747,-0.044928,-0.008569,-0.015750,0.047002,0.013453,-0.055536,-0.014309,0.036507,-0.042018,-0.024161
-0.025285,-0.007597,0.022777,0.005201,-0.125083,0.029215,-0.039510,-0.054342,0.042640,0.069425,-0.009438,-0.106671,0.008320,0.009773,-0.006801,-0.016559,-0.052105,-0.046915,-0.067134,-0.063388,0.036124,-0.029000,-0.014878,0.002616,0.055466,-0.022507,-0.013157,0.018689,-0.024374,-0.025621,-0.045640,0.031088,-0.079904,-0.009043,-0.025389,-0.037307,-0.033356,-0.045127,-0.015697,-0.025672,0.016311,-0.012231,-0.020215,0.074413,-0.030679,-0.005583,-0.006631,-0.074272,0.015293,-0.082469
0.035352,0.032641,0.013412,0.078196,-0.009678,0.078340,-0.030915,0.091084,0.098632,0.043389,0.058165,0.017342,0.028816,0.042941,0.083564,0.038138,0.022501,0.072426,0.001370,0.039704,0.022205,0.103244,0.057662,0.101779,0.014774,-0.026703,0.068707,0.084478,0.032025,0.058434,-0.031866,0.018924,-0.040258,-0.042422,0.033649,0.030873,0.037381,-0.007434,0.026120,0.000284,0.027565,0.092773,0.002669,0.035504,0.087341,0.016839,-0.045198,0.035645,0.014600,0.056677
0.013145,-0.043806,-0.002370,0.004498,0.035238,-0.069374,-0.010981,-0.027380,-0.104441,0.022165,-0.063903,-0.023921,0.030950,-0.027180,0.007673,0.035034,-0.089195,-0.005259,-0.109843,-0.114073,-0.003765,-0.108308,-0.115802,-0.013969,-0.124010,-0.046961,-0.107511,-0.046753,-0.064917,0.003161,-0.008502,-0.115819,-0.024678,0.004531,-0.026773,-0.068414,-0.062934,-0.082663,-0.071905,-0.095613,-0.041646,-0.064232,-0.046913,-0.018333,-0.027140,-0.016270,0.009803,-0.067600,0.006444,-0.088666
0.022475,0.037033,0.012100,0.019596,-0.010505,-0.002242,-0.026265,0.021675,0.036973,0.013574,-0.038522,-0.036977,0.062549,0.039953,0.024144,0.004663,-0.028029,-0.009536,0.013186,0.096334,-0.051973,-0.033539,0.008331,-0.025270,0.063146,-0.043794,-0.028465,0.006674,0.040534,-0.037636,-0.043282,0.005828,-0.001813,0.025828,-0.037843,0.045414,-0.009990,-0.034453,-0.023138,0.056172,-0.032817,0.049461,-0.007243,0.044421,-0.010545,0.010306,-0.035582,-0.025992,-0.044016,0.035437
0.052934,0.032964,0.000841,-0.017058,-0.016612,0.041270,0.046156,-0.018363,0.026869,-0.054451,-0.003204,-0.035895,-0.028638,-0.003764,0.036515,0.040624,0.004554,-0.019312,0.027855,0.005519,0.023778,0.001852,0.014377,0.062236,0.008160,0.026451,0.003101,-0.021114,0.015778,-0.049988,-0.041385,0.027621,0.112772,0.009755,0.025549,0.033244,-0.026695,0.050294,0.030351,0.000950,0.009342,0.066419,0.019018,-0.045927,0.021846,0.050742,0.012381,-0.004170,0.055740,0.027912
0.015091,-0.000302,-0.039643,-0.043794,-0.045770,0.056781,0.058517,0.028552,-0.014655,-0.045307,0.023891,0.064576,0.008422,-0.088809,-0.029317,-0.016603,-0.040457,0.016900,0.028836,-0.010415,0.051730,-0.021356,-0.116670,-0.015517,-0.010524,-0.055882,0.000648,-0.031375,-0.112348,0.025683,-0.055538,-0.025047,0.036031,-0.032681,0.011560,-0.011159,0.014689,0.064594,-0.031234,0.058573,0.035694,0.039615,-0.038810,-0.049223,0.079213,-0.029753,-0.038418,0.020272,-0.022925,-0.038447
0.043731,-0.047963,-0.038209,0.006765,0.030980,0.042675,-0.001084,-0.052981,0.033644,-0.031883,-0.033161,0.046136,-0.085538,-0.003322,0.002540,0.034858,-0.067496,0.030783,-0.043822,-0.086868,-0.108743,-0.039660,-0.011683,-0.062551,-0.039832,0.011044,0.077759,-0.021974,0.019654,0.076388,-0.011462,-0.020543,0.022841,-0.097462,0.010352,0.013943,0.024086,0.010527,-0.010032,-0.020101,0.029672,0.015961,0.010964,-0.052843,-0.034306,0.014128,0.008592,-0.040088,-0.030134,-0.062925
-0.056455,0.003213,0.000629,-0.007873,-0.048689,-0.002168,-0.014880,-0.024613,-0.049649,-0.020585,-0.029565,-0.078874,0.003720,0.005966,0.016765,0.010146,0.042005,0.038228,-0.032383,0.009239,0.024989,0.002882,0.034311,0.016547,0.059217,-0.051778,0.033186,0.036929,0.013960,0.021299,0.025117,-0.030083,0.016487,0.048020,0.094403,0.015376,-0.017783,-0.009348,-0.011738,0.030927,0.047590,-0.015010,0.052344,0.019141,0.060369,0.000346,0.031801,-0.108254,0.010624,0.023200
0.007347,0.035121,-0.011949,0.007289,-0.045079,-0.013390,0.027558,0.005946,0.078027,0.058401,0.001178,-0.035665,0.009280,0.016276,0.013655,-0.024457,0.008451,-0.030925,0.020914,0.020892,0.004078,0.024534,-0.040107,0.020026,0.012110,0.022694,0.009735,-0.005826,0.036438,-0.048135,0.007047,-0.067798,-0.071566,-0.102035,-0.012925,-0.001381,-0.005413,-0.026035,0.011928,-0.043694,-0.082145,-0.082185,0.063624,0.006403,-0.047647,-0.004474,0.009212,-0.032483,0.024452,-0.072163
-0.059804,-0.049981,-0.039328,-0.020752,0.025038,-0.045683,-0.059393,-0.021708,0.061928,-0.022022,0.017243,0.016843,0.012088,0.071262,0.021110,0.033443,-0.060803,0.008242,0.038701,-0.033359,0.051197,0.016679,0.006758,-0.041573,0.061630,0.002375,0.006297,0.058959,0.006620,-0.003422,-0.028128,0.010945,-0.020039,-0.054784,0.046128,-0.036724,-0.000868,0.016107,0.004863,0.059259,0.014902,0.001709,0.030971,0.065778,-0.023194,-0.049610,-0.077239,0.044922,0.087792,0.069569
0.061529,0.019680,0.067765,0.026019,-0.000110,0.075574,-0.015821,0.065126,0.029994,-0.064277,0.015523,-0.024047,-0.057386,0.004047,-0.030132,0.016333,-0.018123,0.047831,-0.041422,0.000754,-0.006857,0.041351,-0.072450,0.031596,0.009204,0.002094,0.002743,-0.004007,0.037642,0.016491,0.014503,-0.035139,0.024044,-0.091775,-0.030434,-0.004964,-0.019548,0.006332,0.059665,0.046931,0.002577,-0.019512,-0.024136,0.005052,-0.031255,0.039322,0.014698,-0.003622,-0.009182,0.037525
0.005154,0.021567,0.045795,0.040122,0.069458,-0.009151,0.044944,0.051201,0.023531,0.049328,-0.031356,0.023516,0.007381,0.035795,0.063167,0.040499,0.015969,0.058846,0.001592,0.092073,0.075300,0.091649,0.005810,0.040295,0.000453,0.064527,0.031230,0.044294,0.088359,0.049819,0.084478,0.062482,0.011571,0.066104,0.031434,-0.106651,0.025080,0.031510,0.023253,0.061289,0.048618,0.020381,-0.026078,0.011271,-0.019704,0.048281,0.018801,0.092792,0.018934,0.067389
0.002029,-0.025100,-0.057500,-0.003856,0.024290,-0.018733,0.041757,0.013433,-0.028902,0.026057,0.095184,0.052216,0.031294,-0.028427,0.031173,0.000368,-0.054875,-0.003291,-0.035576,-0.016450,0.012388,0.037134,0.014479,-0.045015,0.022718,0.036721,0.001033,-0.031680,-0.003953,0.007735,0.028718,-0.023296,0.002843,0.035960,-0.023193,-0.051051,-0.058323,0.053028,-0.011815,-0.024119,0.001562,0.053220,-0.005517,0.041447,-0.029951,-0.025680,0.107107,0.012377,-0.019669,0.030678
-0.003852,-0.025893,0.120718,0.057970,-0.056625,0.012402,0.019193,0.055925,-0.036265,-0.013457,-0.000437,-0.012945,0.039334,-0.026843,-0.031991,-0.023482,-0.030988,-0.051038,-0.021850,-0.026464,0.027606,0.010648,0.075376,-0.064856,-0.030665,-0.034246,-0.035615,-0.013698,0.007580,-0.019504,0.036592,-0.009721,-0.033398,-0.004617,-0.002811,0.026001,-0.007375,-0.087858,-0.037736,0.047445,-0.045776,-0.010576,0.033295,0.030841,0.045020,-0.025092,-0.004043,-0.028958,0.040435,0.034930
-0.040055,0.039803,0.077077,-0.050742,-0.025788,0.051281,-0.002921,0.026668,-0.037812,-0.070626,0.031917,0.016993,-0.029180,0.059958,-0.000929,0.010088,0.029789,0.019329,-0.014604,-0.000568,-0.030068,-0.043947,0.051290,0.034989,-0.057624,0.090798,-0.053573,0.039328,0.015486,-0.001427,0.019413,-0.051501,0.030401,-0.026134,0.111455,-0.070546,-0.021129,0.028941,-0.064453,-0.041790,-0.101942,0.021771,-0.042719,-0.020807,0.017422,-0.008767,0.000655,0.041229,-0.060096,0.113270
-0.025307,-0.000135,-0.060094,-0.067387,0.031751,-0.027887,0.085540,-0.028675,-0.038589,-0.022711,-0.011406,-0.048942,-0.043063,-0.016317,0.042440,0.023281,-0.017385,-0.038790,-0.046449,-0.012962,-0.032726,0.009468,0.039481,0.091548,0.032814,-0.031690,-0.032649,0.039754,0.021714,-0.023038,-0.023888,-0.016713,-0.068897,0.001936,0.009977,-0.044319,0.059705,-0.058682,-0.035457,-0.008337,0.027880,-0.010620,0.006366,-0.009921,-0.015607,-0.056159,-0.003409,0.003114,-0.005348,-0.041947
0.024074,0.094650,-0.079470,-0.016930,0.020776,-0.005893,0.026231,-0.112923,-0.058237,0.023989,-0.016219,-0.002428,0.028219,-0.029624,-0.056099,-0.056023,-0.064771,-0.036223,-0.013786,0.025812,0.016583,0.019461,-0.075762,-0.026385,0.066006,-0.020061,-0.018227,-0.039821,-0.030774,0.005637,0.029481,-0.031618,-0.068836,0.008011,-0.064298,0.026694,-0.007040,0.014949,-0.035332,-0.056326,-0.066216,0.009915,0.047602,-0.010042,-0.091600,-0.001597,-0.054145,-0.015251,-0.032037,-0.046698
0.032714,0.001140,-0.025580,-0.015713,-0.096704,0.022942,0.014908,0.010705,0.004029,-0.043239,-0.028725,-0.010958,0.045958,-0.061418,-0.020206,-0.114812,-0.015212,0.005108,-0.029596,0.010804,0.056310,-0.006323,-0.100743,-0.005771,-0.014826,-0.070653,-0.072365,-0.030648,-0.018118,-0.044957,-0.041070,0.015537,0.099121,0.045495,0.038438,0.012941,0.022988,0.001806,0.023568,-0.091616,-0.085392,-0.013314,-0.079351,-0.041088,0.002439,0.035271,-0.024155,-0.022602,-0.062418,0.006349
0.006374,0.075861,0.030797,0.016930,0.012956,0.066443,0.092197,0.019141,0.003162,-0.015013,-0.012754,0.045557,-0.030802,0.048506,0.064949,0.054083,0.007350,-0.003015,0.020901,0.033797,0.019271,0.053918,-0.004278,0.005617,0.074738,0.038286,-0.069495,-0.031397,0.036912,0.032661,0.045409,-0.039980,-0.014165,0.038315,-0.021910,-0.004704,-0.077371,0.100829,0.066284,0.049999,-0.053483,0.015578,0.011676,0.027705,-0.003510,0.026259,-0.021457,0.030412,-0.018761,0.159444
0.018039,0.003388,-0.025359,-0.059566,0.001682,-0.056475,0.057896,0.036284,-0.087099,0.048307,-0.087532,-0.034914,-0.024226,0.020566,0.003370,0.012133,0.040121,-0.002874,0.002127,0.015520,0.060087,0.036356,-0.027275,-0.039652,-0.007119,0.040470,-0.055745,-0.092771,0.037146,-0.002705,-0.009367,-0.050184,-0.037469,-0.075338,0.019628,0.015900,-0.003793,-0.062806,0.036763,0.010805,0.065031,-0.039152,-0.017604,0.043164,-0.025276,-0.119782,0.022078,-0.090206,-0.010365,0.022864
-0.030496,0.018097,0.022719,0.078296,0.043597,0.003163,0.020038,-0.010954,0.023544,0.011629,-0.030915,0.046810,-0.059706,-0.072635,-0.035326,-0.056376,-0.024322,-0.035909,0.029579,-0.024392,-0.014941,0.005386,-0.016764,-0.005652,-0.040952,-0.008681,0.002067,0.035677,-0.008398,0.007122,-0.017479,0.052454,-0.052189,-0.043981,0.101808,0.030963,0.011002,-0.017725,-0.055226,0.051993,-0.007470,0.092299,-0.045293,0.031859,0.011322,-0.015767,-0.044425,0.022932,0.062297,0.017320
-0.031398,0.082206,0.049737,-0.050001,-0.042629,-0.006521,-0.042659,0.004014,0.000907,0.042804,-0.000432,-0.051482,-0.025158,-0.020521,0.021700,-0.009130,-0.010885,0.020882,-0.028027,0.060951,-0.003161,-0.000889,0.031639,0.024665,0.030768,0.104419,-0.083085,-0.019675,0.011523,-0.048005,0.029142,0.025804,-0.023837,0.020888,-0.028275,0.064767,-0.017014,-0.038325,0.010758,0.046183,-0.007672,-0.014392,0.042622,0.029306,0.003422,-0.022311,-0.091851,0.066339,0.023430,-0.014542
-0.037494,-0.030899,-0.053889,0.004497,0.023212,0.023049,-0.077625,-0.042025,-0.070749,0.060480,0.028923,0.042442,0.043434,0.025006,0.001454,0.016623,0.059480,0.000065,-0.025753,0.028454,-0.048648,-0.060754,-0.093929,0.038723,-0.008152,-0.019700,0.030152,0.004154,0.038989,-0.038721,-0.052041,0.043400,-0.022070,0.040828,0.023449,0.027812,-0.008156,0.045284,0.017655,-0.048779,-0.001704,0.066151,-0.059407,-0.031007,0.024532,-0.042539,-0.064060,-0.090555,0.001681,-0.017535
0.000491,0.000910,0.034842,-0.063166,0.062496,0.053073,0.009710,0.021410,0.003740,0.035432,-0.047848,-0.045839,-0.045439,-0.043042,0.013268,-0.003420,0.022355,0.044824,-0.008151,-0.020946,-0.041826,0.080107,0.046157,0.009068,-0.009082,0.050164,-0.016958,0.005384,-0.028181,-0.046434,0.046653,-0.003411,0.035260,-0.010359,0.045491,0.013630,-0.008686,0.031142,0.064407,-0.034036,-0.028084,-0.021444,0.010011,0.083836,-0.026200,0.012186,0.034478,0.049332,-0.035001,0.037525
-0.048614,-0.007002,0.031484,-0.004462,-0.067893,-0.089888,-0.021804,-0.035118,-0.069973,-0.012808,-0.050784,0.021759,0.029655,0.029951,-0.013698,-0.022514,-0.021033,-0.072452,0.000424,0.035734,0.015542,-0.030661,0.011026,-0.055916,0.037721,0.056941,-0.006448,-0.004303,0.054515,-0.111628,-0.092233,-0.070922,0.110180,0.028917,0.031414,0.025139,-0.057667,-0.047471,0.018123,-0.038896,-0.029973,0.049726,-0.044740,-0.059678,0.011351,0.027157,0.032353,-0.066164,-0.020026,-0.061364
-0.022746,-0.033669,-0.033232,0.023744,-0.064328,0.000833,0.066624,0.095183,0.032121,0.013981,0.010029,0.002755,0.005312,0.086350,0.001759,-0.001330,0.011514,0.008566,-0.001718,0.069987,0.020451,0.050824,0.040130,0.000283,-0.022873,-0.062390,0.018340,0.042285,0.052990,0.044889,0.014171,0.036511,-0.045088,-0.015636,-0.034978,-0.010252,0.028901,0.040054,0.061188,0.066870,-0.037249,0.070418,0.011960,0.026172,0.009623,0.076209,-0.004617,0.035855,0.038050,-0.044930
0.036735,0.016241,0.055514,0.051766,-0.015620,-0.030775,-0.020281,0.086266,-0.046818,-0.040370,0.010150,0.089230,0.058802,-0.071835,-0.029307,0.011064,0.003685,0.022415,0.027063,0.039019,0.024104,0.042105,0.062542,-0.038117,0.005127,-0.045940,-0.030094,-0.019374,0.056827,-0.073156,0.021841,0.032943,0.033662,-0.015210,-0.020988,-0.057876,-0.004332,-0.075950,-0.008163,0.039637,0.011523,-0.037753,-0.012663,-0.038110,-0.028015,0.051856,-0.014681,-0.008582,-0.107639,-0.010879
0.007264,0.007256,-0.009115,-0.054221,0.009005,-0.001336,-0.015439,-0.078390,-0.069970,-0.047042,0.014914,0.069240,-0.039011,0.008532,0.022018,-0.059921,-0.036322,0.002808,0.051692,-0.043066,-0.027531,-0.014218,0.000658,-0.020444,-0.068792,0.002252,-0.027434,-0.021932,-0.050930,-0.025254,-0.034265,0.069638,-0.009556,-0.003312,-0.014950,-0.030367,-0.019744,-0.054974,-0.082924,0.002274,-0.010573,0.014771,0.009845,0.033309,-0.029443,-0.003105,0.051426,-0.001193,-0.028675,0.016405
-0.123085,0.064731,0.085070,0.004495,-0.047401,0.039030,0.024315,0.021023,0.061020,0.000726,0.070077,0.032239,0.045896,0.047045,0.031512,-0.000524,0.030405,0.046715,0.011616,0.126046,0.024843,-0.049584,0.026791,-0.018912,0.006760,-0.004369,0.006902,0.120512,0.077622,0.051879,0.073811,0.024738,0.046012,0.017515,-0.017836,0.099901,0.069083,0.126729,0.096267,0.065046,0.129319,0.048917,-0.026502,0.096402,-0.015790,0.053405,0.022294,0.018946,0.063519,0.098952
0.034498,0.077582,0.045283,0.020350,-0.052783,0.077900,0.040341,0.046620,0.034024,-0.010771,-0.021406,0.015186,0.058622,0.015005,0.048767,0.038139,0.001072,0.038749,0.084641,-0.005944,-0.045259,-0.001250,0.118990,0.070895,0.003718,-0.022981,-0.038572,0.025891,0.020153,0.029786,-0.028415,0.081308,-0.067536,0.090938,0.012533,0.031495,-0.038960,0.003234,0.038014,0.030391,0.064475,0.084445,0.066695,0.030763,-0.007711,-0.010800,0.055361,0.032438,-0.064639,0.014955
0.046273,-0.010498,0.008090,0.033566,0.009227,-0.037650,-0.016751,-0.035894,-0.006575,-0.076141,0.078255,-0.020962,0.006655,0.073280,0.070419,-0.012079,0.005254,0.066979,0.154157,0.060197,0.026326,-0.005102,0.027460,0.014699,-0.038371,0.046185,0.031027,-0.005971,0.081862,-0.051807,0.051095,0.084065,0.046672,0.020905,-0.035464,-0.043667,-0.010498,0.036258,0.034084,-0.016228,0.010906,0.022497,0.033417,-0.022978,-0.028059,0.049010,0.021388,0.042502,-0.003088,0.018961
-0.013467,-0.017278,0.067088,-0.006781,0.023719,0.016633,-0.040452,-0.059907,0.001717,-0.018800,0.040297,-0.010556,-0.006801,0.042821,0.039207,0.000778,0.019338,-0.001837,-0.084144,-0.030160,0.019949,0.005814,0.064826,-0.095717,-0.021972,-0.035750,0.019184,-0.058497,0.034983,0.000166,0.021185,-0.044761,0.005971,0.014650,0.051174,-0.054630,0.012916,-0.047552,0.034585,-0.003371,-0.059339,0.029841,0.007128,0.025968,0.005363,0.004766,0.010493,-0.024422,-0.052711,-0.007647
0.023348,-0.013681,-0.038026,-0.092815,-0.068520,0.007682,-0.126532,-0.041169,0.031070,0.003171,-0.013329,-0.009506,0.013427,0.027904,-0.021091,0.013247,-0.022848,-0.021271,-0.075479,-0.023355,-0.004416,-0.037998,0.051311,-0.099233,-0.049769,0.022568,-0.011383,-0.016010,-0.063973,-0.079335,-0.044697,0.006460,0.004517,-0.099618,-0.005318,-0.011931,-0.015640,0.028559,-0.033931,-0.027503,-0.038890,-0.017112,0.034005,-0.093536,-0.035755,-0.042402,0.032043,-0.147759,-0.073412,0.020441
-0.029033,0.010048,-0.042136,-0.039588,0.009014,-0.025110,-0.010445,0.005442,-0.000238,-0.001687,-0.011113,-0.031646,0.037249,-0.009655,0.007322,0.008776,0.032627,0.002320,0.040235,0.071487,-0.071133,0.010734,-0.044835,-0.022620,0.030372,-0.056082,-0.042939,0.016045,-0.006480,0.002007,-0.008501,0.012322,0.052794,0.075191,0.043463,-0.071248,-0.035318,0.046835,0.063598,-0.016709,0.050350,-0.032597,0.011860,0.033177,-0.060281,0.022882,0.009124,-0.027686,0.074433,0.011576
0.031091,0.007434,0.010040,0.042513,0.020136,0.004972,-0.035557,0.050288,-0.016665,0.006000,-0.013689,-0.041611,0.046419,0.025137,-0.045125,-0.025486,-0.087890,-0.020531,-0.014775,-0.097206,-0.006161,0.017606,-0.077879,-0.046946,-0.016186,0.008959,-0.023450,-0.035659,0.050142,-0.028130,-0.117690,-0.030839,0.088814,0.051027,-0.024327,-0.016287,-0.004129,-0.051736,0.001546,-0.054199,0.045569,0.018489,-0.011630,0.022723,-0.020314,-0.047887,0.023640,0.030716,0.024631,-0.019196
-0.061828,-0.018098,-0.029929,-0.067566,-0.072663,-0.036056,-0.028522,-0.047642,-0.098283,-0.011647,0.001992,-0.006148,-0.013067,-0.034066,-0.007165,-0.022090,-0.028400,0.005957,-0.100771,-0.043338,0.044775,-0.053775,-0.001707,-0.086841,-0.048228,-0.010477,-0.058570,-0.040486,-0.007682,0.018821,-0.086891,-0.002724,-0.021692,-0.006628,-0.078867,-0.068262,-0.046055,-0.060874,-0.004845,-0.088996,-0.077820,0.010020,-0.070851,-0.023731,-0.054504,-0.071911,-0.045331,-0.098343,-0.000745,-0.026912
-0.091233,-0.031772,-0.000005,-0.049757,0.001951,0.057933,-0.050578,0.053624,-0.039884,0.015899,-0.071114,0.006172,-0.017764,0.015387,0.020165,0.003600,0.000164,0.095448,-0.016837,-0.012052,-0.018861,0.058901,-0.004211,0.032649,-0.028509,-0.063013,0.039868,0.027592,0.117325,0.019988,0.015834,-0.029058,0.056768,-0.003536,-0.012636,-0.050579,-0.070327,0.090328,0.067951,0.052821,-0.021091,-0.002693,-0.032535,-0.042117,0.055393,0.007564,0.025101,0.045347,-0.019199,0.059814
0.040767,-0.037964,0.045229,0.009287,0.024798,0.012193,0.060985,-0.057858,0.043495,-0.033968,-0.030018,0.011196,0.004121,0.001673,-0.023890,0.007434,-0.027733,-0.047565,0.088775,-0.013956,-0.042249,0.034864,-0.044190,-0.046590,-0.048081,-0.027710,0.036556,-0.008740,-0.041987,0.000097,0.008002,0.067284,0.040660,0.033754,0.032947,-0.103164,-0.008358,-0.010607,-0.058616,-0.021758,0.010782,-0.042474,0.033670,-0.078655,-0.005994,0.034076,-0.000065,0.025296,-0.010414,-0.043898
0.031919,-0.000901,0.063479,0.004516,-0.006892,-0.067067,0.092933,-0.036276,0.027563,0.050461,-0.039822,-0.007557,-0.014482,-0.015353,0.064933,-0.081259,0.056178,-0.017296,-0.016389,0.073922,-0.017980,0.018362,0.051522,0.078064,0.016094,0.014300,-0.002629,0.043964,0.091437,-0.050238,0.017332,0.024937,-0.053606,-0.016629,-0.011322,0.008033,-0.090984,-0.028383,-0.036471,0.010332,-0.053846,0.068791,-0.020091,0.024898,-0.002630,-0.022019,-0.000803,0.032233,-0.025119,0.046327
-0.143442,0.038779,-0.056968,0.030247,-0.014473,-0.071548,0.023098,-0.028551,-0.086525,-0.055063,0.005981,-0.009845,0.080020,-0.039701,0.052463,-0.000067,-0.062492,-0.011271,-0.034644,0.027111,-0.025347,0.001977,0.089645,-0.044806,-0.002811,-0.074688,-0.008938,0.032706,0.009305,-0.042784,-0.090340,-0.038864,-0.081213,-0.060398,-0.063163,-0.043588,0.013878,-0.051349,-0.054109,-0.021273,0.015868,-0.020296,0.017456,-0.050070,0.022775,0.002918,-0.041585,-0.001801,-0.062509,0.035660
-0.082707,0.012158,-0.011134,-0.096342,-0.004345,0.026905,0.051214,-0.021068,-0.045649,-0.090674,-0.005477,-0.010357,0.040878,0.021355,-0.010733,0.002270,-0.072780,0.000930,-0.038815,0.033412,-0.037415,-0.029776,0.025263,-0.053793,0.034462,0.037875,0.009621,-0.020673,-0.047952,-0.023420,-0.037074,0.037245,-0.076039,-0.000633,-0.059448,-0.044422,-0.018243,0.024836,0.014783,0.043728,-0.074005,0.064188,0.041371,0.006365,-0.027009,-0.000886,0.067808,0.013460,-0.036097,0.020872
-0.012411,-0.022067,0.012444,0.020801,0.012752,0.016076,0.040126,-0.042247,0.011587,-0.003704,-0.059383,-0.083216,-0.004796,0.016405,-0.016098,0.005300,-0.000506,0.051653,0.030090,-0.102136,0.059953,0.029012,-0.031459,-0.015850,0.062704,0.069315,0.018162,-0.054277,0.006360,0.050016,-0.008340,-0.034518,-0.047471,-0.081536,0.060230,-0.008516,0.024753,0.011998,0.018717,-0.034944,-0.025864,0.002160,-0.012778,-0.056042,-0.033204,-0.030183,-0.114171,-0.041301,-0.015622,-0.059574
0.074825,0.040642,0.020057,0.000564,0.021658,0.064014,0.029582,0.013416,0.057581,0.040664,0.011398,0.026730,-0.026565,0.016129,0.015740,0.008096,0.059892,0.062865,0.005312,0.008964,0.012163,0.069063,0.039530,0.044172,-0.025696,-0.001677,0.066713,0.110990,0.037307,0.035201,0.059429,0.078167,0.104000,0.082532,0.024815,0.058777,0.032317,0.039131,-0.047652,0.045869,0.033219,0.088306,0.020291,0.094046,-0.014004,0.043456,-0.032711,-0.047466,0.066877,0.049627
0.030168,-0.056745,0.029679,-0.083952,0.026292,-0.073689,-0.055621,-0.085741,0.031536,0.008293,0.037999,-0.042920,-0.089352,-0.086494,-0.026411,-0.037243,-0.060360,0.013545,-0.010471,0.021071,-0.014215,0.025252,-0.006337,-0.026589,-0.101088,-0.096339,-0.030660,-0.104807,0.020570,-0.002448,0.014897,-0.000667,-0.083015,-0.134647,-0.036744,-0.078366,0.051425,-0.011931,-0.078147,-0.085667,-0.032622,-0.050492,-0.043181,-0.055450,-0.080982,-0.019308,-0.016877,-0.084702,-0.018285,-0.055182
-0.050776,-0.018656,0.058937,-0.016368,0.000757,-0.041567,0.038357,-0.007138,0.034411,-0.010970,0.003385,-0.022246,-0.020228,-0.016718,0.006481,-0.074427,-0.003104,0.049120,-0.005964,0.015986,0.067406,-0.011627,0.070730,-0.096034,0.018185,0.007594,0.034436,-0.010965,0.061573,-0.018962,-0.038719,-0.042484,-0.009987,0.038011,0.004956,0.013106,0.011780,-0.021906,-0.053279,0.005469,0.024271,-0.019044,0.060989,-0.007397,-0.070112,-0.023561,0.034319,-0.068142,-0.028996,0.005651
-0.023655,0.028714,0.018120,-0.005113,0.010055,-0.000520,-0.008213,-0.029071,-0.052433,0.006955,-0.058814,0.057709,-0.011539,0.002403,-0.018084,0.031630,-0.046587,-0.036320,-0.041056,-0.008528,0.001016,-0.010488,0.008511,0.034600,0.035867,-0.010804,0.055418,0.012782,-0.002676,0.037119,-0.034044,0.024086,-0.041540,-0.014613,0.092302,0.028552,0.084127,-0.013723,-0.025573,-0.040801,-0.016376,-0.016117,0.038739,-0.018790,-0.021230,0.041114,-0.028223,0.016391,-0.019207,-0.013837
-0.054240,0.011510,-0.021054,0.011409,-0.070087,-0.045620,-0.025739,0.037645,0.047808,-0.019001,-0.003530,0.013225,0.007718,-0.103307,0.040342,0.086277,-0.056016,-0.021641,-0.008704,0.014725,0.032323,-0.001775,-0.017265,0.025373,0.010453,0.066464,-0.021042,-0.056282,0.022948,-0.001585,-0.034573,0.049303,0.008028,0.005373,-0.005837,0.001554,-0.039516,-0.018002,0.018593,0.026099,0.023502,0.006414,-0.062827,0.023467,0.006759,-0.018817,0.007981,-0.048043,-0.028559,-0.030833
0.004765,0.015686,-0.039890,-0.045219,-0.041637,0.000967,-0.057166,-0.018124,-0.033947,0.008328,0.001064,-0.091913,0.001095,-0.081213,0.020538,-0.000179,-0.107890,-0.055039,-0.121592,-0.001801,0.015529,-0.108237,0.007471,-0.031430,-0.022751,-0.038072,-0.050384,-0.059009,-0.023403,-0.009074,-0.030585,0.019334,-0.074510,-0.025294,-0.054955,-0.041438,-0.061257,-0.032307,-0.009081,0.017069,0.038576,-0.050200,-0.083385,-0.015148,-0.059102,-0.070496,-0.029977,-0.074094,-0.075553,-0.016016
-0.006523,0.059382,0.009161,0.024323,0.071855,-0.002182,-0.000200,0.049208,0.092055,0.042255,0.064970,0.054852,0.019596,0.089141,0.025505,0.071906,0.014516,-0.004150,0.001415,0.138013,0.077494,0.053912,0.027883,-0.009319,0.015706,0.075321,-0.060710,-0.028135,0.048255,0.022385,0.059206,-0.026529,0.007580,0.085983,-0.016914,0.083408,0.039446,0.016714,0.020563,0.022346,-0.047045,-0.022048,0.015336,-0.019806,0.073495,-0.024280,0.041250,0.073069,-0.006667,0.054858
-0.005129,-0.014429,-0.023514,0.116878,0.026646,-0.011761,0.009878,0.130628,0.099352,0.035886,0.058424,0.063068,-0.008593,0.022958,0.061211,0.046195,0.030071,0.051174,-0.024461,-0.027420,0.032891,0.022667,0.009741,0.042394,-0.026390,0.023012,0.037151,0.017189,-0.026905,-0.002536,0.019905,-0.036189,0.004229,-0.011681,-0.002161,-0.026113,0.032952,0.027553,0.041009,0.047608,0.036096,0.061800,-0.024737,0.032083,0.063482,0.021570,0.079947,0.060363,0.086550,0.049655
-0.039303,-0.094658,0.001829,-0.038219,-0.055925,0.061058,-0.051472,0.010346,0.015881,0.026956,0.086513,-0.078413,0.024744,0.044990,0.024328,-0.046897,0.037828,0.018304,-0.064948,0.024047,-0.037348,-0.051341,0.013169,0.005743,0.012977,-0.006073,-0.022416,0.027300,0.051757,-0.024566,0.051853,0.079158,-0.076816,0.042971,0.012606,0.041503,-0.028683,0.092628,0.069897,-0.018841,-0.023514,0.007238,0.004148,0.025399,0.050613,0.009363,-0.026871,0.078721,0.013226,-0.017530
-0.019823,0.014513,0.025028,-0.032592,-0.055513,-0.027230,-0.049204,-0.066933,0.015997,-0.008045,0.081716,0.052337,0.058094,0.012918,-0.037939,-0.030617,0.049094,0.046714,0.020019,0.013972,-0.029696,0.043600,0.004550,-0.075406,-0.046840,0.006381,-0.026720,-0.065591,0.009968,-0.110633,-0.011231,0.008312,0.035375,-0.094004,-0.018610,0.031196,-0.051475,-0.039790,-0.033438,-0.033592,-0.010192,0.000610,-0.066019,-0.096892,0.022194,0.019454,0.069796,0.080188,-0.046846,-0.012123
0.016965,0.053598,-0.032790,-0.009540,0.068441,-0.028969,0.019331,0.042014,-0.005543,0.022410,0.008913,-0.054354,0.039080,0.071585,0.004487,-0.070200,0.005950,0.021713,0.024364,0.053812,-0.021519,-0.045578,0.014141,-0.058775,-0.047856,0.107270,-0.048306,0.061172,-0.048912,0.021087,-0.013948,0.034823,0.024490,-0.006039,-0.049563,0.043349,-0.027297,0.016383,0.014602,-0.027137,0.023273,0.042022,0.005886,-0.073225,-0.029458,-0.023419,0.024673,0.009665,-0.008932,0.031464
-0.030987,-0.049072,-0.006746,-0.091963,-0.039641,-0.038064,-0.035796,-0.040422,-0.067424,0.065766,-0.056843,-0.004274,-0.016093,-0.002311,-0.027535,0.013748,0.002407,-0.101418,-0.009904,-0.000932,-0.000141,-0.075145,0.005271,-0.016866,0.041490,0.018728,0.062591,-0.010745,0.018931,-0.020750,-0.038017,0.026380,-0.078797,-0.030366,-0.034190,-0.098251,-0.032789,-0.008632,-0.067526,0.063168,0.055273,-0.027534,-0.040706,0.016685,0.010036,0.000800,-0.005930,-0.031663,-0.055949,-0.042900
-0.033214,0.023767,-0.007669,-0.114304,-0.018783,-0.035194,-0.013294,-0.016092,-0.115302,0.017788,0.018280,-0.036232,-0.001084,-0.100508,-0.053636,0.037451,-0.068811,0.070038,0.038938,-0.068261,-0.002242,-0.022030,0.009561,-0.030844,-0.004991,-0.008054,-0.048825,-0.003141,-0.056026,0.017908,-0.067650,-0.036810,-0.029117,-0.057274,-0.031082,-0.040117,-0.056545,-0.017592,-0.065167,-0.016332,0.021876,-0.101127,-0.013108,-0.056420,-0.080830,0.001503,0.007157,-0.073657,-0.029500,0.013267
-0.014654,0.023566,-0.007392,-0.024824,-0.055003,-0.012183,0.073766,-0.004276,0.028120,0.062833,0.019449,-0.012695,0.006275,-0.012512,-0.074614,0.035653,-0.027589,0.101063,-0.019930,0.071743,0.003479,0.057845,-0.025404,-0.062274,0.062570,-0.017599,-0.020962,0.060567,-0.070193,-0.000344,-0.084709,-0.043937,-0.055100,0.010082,0.038337,-0.021648,-0.019301,-0.048545,-0.074161,-0.008713,-0.021686,-0.086165,-0.016074,0.044935,-0.021849,0.063721,-0.051802,0.041704,0.025296,-0.038861
-0.063142,-0.092369,-0.064226,-0.051798,0.004505,0.037319,-0.034171,-0.040264,-0.014920,0.016844,0.003919,-0.010862,0.001049,-0.010224,0.045954,-0.011469,-0.087217,0.034632,-0.007326,0.058363,-0.012404,-0.045765,-0.007197,0.001658,-0.038197,0.002006,-0.022321,0.016162,-0.016225,-0.031715,-0.008227,-0.006795,-0.027475,0.040279,-0.068843,-0.026425,-0.008569,0.028332,-0.041608,-0.029322,-0.032028,-0.030315,0.007657,0.040595,-0.032977,-0.068567,-0.045898,-0.026600,0.060096,0.053322
-0.075319,-0.065654,0.016776,0.028703,0.065363,0.008909,0.053540,-0.029323,0.042470,-0.046407,-0.014249,0.013543,0.027249,-0.020101,-0.031364,0.002953,0.061088,-0.020733,0.070137,0.035871,-0.002920,-0.015189,-0.026804,-0.081134,0.022198,-0.044583,-0.013453,0.025152,0.008904,0.064960,0.004423,-0.103605,0.009993,-0.000405,0.019302,0.054404,0.049544,0.045683,0.060645,-0.005412,-0.050980,0.000199,-0.033977,0.024679,0.004247,0.009272,0.041115,0.045240,-0.021360,-0.021019
-0.004329,0.031007,0.026312,-0.048820,0.033261,-0.039031,-0.031014,-0.009894,-0.011281,-0.046538,-0.108177,-0.039578,-0.062532,-0.008098,-0.022926,-0.031719,-0.068677,-0.077230,-0.055971,0.004976,-0.050068,-0.099800,-0.016712,-0.107268,-0.040147,-0.080548,-0.011362,-0.033105,-0.048014,-0.039498,-0.029152,-0.044378,-0.003777,0.004930,-0.059468,-0.063597,-0.016844,-0.055347,0.002413,-0.060573,-0.081783,-0.001784,-0.045993,-0.055203,0.018243,0.003316,-0.071654,-0.039887,0.028222,0.039095
0.001730,0.022820,0.083398,0.063236,0.069460,0.025012,0.000288,0.094049,0.007179,-0.008327,0.036016,0.038454,-0.012701,-0.006892,-0.035755,0.001633,0.045255,0.000620,-0.086015,-0.031788,0.006535,0.052548,0.007090,0.070691,0.005728,-0.013446,0.020996,0.014330,0.025701,0.082589,0.072258,0.024207,0.038651,-0.000597,0.119173,0.014069,0.090276,-0.005596,-0.008506,0.098184,0.003431,0.030806,0.071647,0.010615,-0.030906,-0.004949,0.010753,0.061556,0.038326,0.028330
-0.071233,-0.016017,-0.034575,0.070312,0.007942,0.023727,0.024430,0.040213,-0.044813,0.026759,-0.029045,0.105992,0.007490,-0.035986,0.022373,-0.039009,0.032988,0.054422,0.027037,0.056496,0.004415,0.010140,-0.034613,-0.031780,-0.030034,-0.008561,0.032585,-0.017284,-0.056992,0.002343,0.020323,-0.017292,0.017097,0.017189,-0.014815,-0.047414,0.054188,-0.019954,0.045035,0.015362,-0.002625,-0.006103,0.015275,0.027401,0.063642,0.018751,0.026157,-0.055062,0.064668,-0.010689
-0.027797,0.027123,0.008738,0.066102,0.023319,0.061049,-0.062826,0.052551,0.035186,-0.072241,-0.007910,-0.029261,-0.016213,0.041572,0.107138,0.002796,0.035330,0.040374,-0.041181,-0.006754,0.015857,-0.015181,-0.011693,-0.034989,-0.022892,-0.016432,0.055759,0.005264,0.058149,-0.018130,-0.018961,0.001585,-0.006626,0.005994,0.024125,-0.039067,-0.026601,-0.065363,0.065530,-0.026720,-0.002942,0.044594,-0.051130,0.022452,0.028688,-0.014401,0.049170,-0.012451,0.071007,-0.020266
-0.032502,-0.005013,-0.039933,-0.021815,-0.046131,-0.003207,0.043562,-0.010165,0.031570,0.021000,0.004519,-0.011535,-0.065903,-0.032467,-0.091875,-0.040469,-0.018402,-0.041065,-0.007409,-0.026497,0.035704,0.001599,-0.057648,-0.031935,-0.023387,-0.037635,0.031557,-0.078766,0.011941,0.001350,-0.086643,-0.055151,-0.037420,-0.016692,-0.015828,-0.051121,-0.016301,-0.011779,-0.011223,-0.060663,-0.039681,-0.004878,-0.077379,-0.010816,-0.079046,-0.052040,0.038650,-0.059890,-0.026058,0.011216
